Txn Date,Value Date,Description,Ref No,Debit,Credit,Balance
01/09/2026,01/09/2026,NEFT DR-YESB0000221-BLUEDART EXPRESS-INV2091,YESBN86880854338,29120.00,,2977524.04
01/09/2026,01/09/2026,NEFT DR-KKBK0000958-SHARMA STEEL IND-INV2086,KKBKN18072394759,204210.00,,2773314.04
01/09/2026,01/09/2026,NEFT DR-UTIB0000789-ACME TRADERS-INV2090,UTIBN18988563263,179770.00,,2593544.04
01/09/2026,01/09/2026,UPI/106245097917/UBER INDIA/uber@paytm,106245097917,316.78,,2593227.26
02/09/2026,02/09/2026,NEFT DR-SBIN0001234-MAHINDRA LOGISTICS-INV2095,SBINN74912503804,111790.00,,2481437.26
02/09/2026,02/09/2026,NEFT DR-SBIN0001234-ACME TRADERS-INV2094,SBINN74653323603,244970.00,,2236467.26
02/09/2026,02/09/2026,RTGS CR-KKBK0000958-HINDUSTAN UNILEVER-41432481,KKBKR848244941432481,,498210.00,2734677.26
02/09/2026,02/09/2026,NEFT DR-HDFC0000123-DELHIVERY,HDFCN06194607493,42460.00,,2692217.26
02/09/2026,02/09/2026,NACH-DR-RELIANCE JIO-6785466330,KKBK39936785466330,5235.00,,2686982.26
02/09/2026,02/09/2026,UPI/704677489474/SWIGGY/swiggy@okaxis,704677489474,1611.00,,2685371.26
02/09/2026,02/09/2026,UPI/934465515006/MAKEMYTRIP/makemytrip@okaxis,934465515006,40820.00,,2644551.26
02/09/2026,02/09/2026,UPI/097610473001/UBER INDIA/uber@okaxis,097610473001,1110.21,,2643441.05
02/09/2026,02/09/2026,NEFT CR-HDFC0000123-LARSEN AND TOUBRO,HDFCN98960054875,,703310.00,3346751.05
03/09/2026,03/09/2026,NEFT DR-YESB0000221-DELHIVERY-INV2092,YESBN40146902657,20180.00,,3326571.05
03/09/2026,03/09/2026,IMPS/P2A/134598944974/OFFICEMART,134598944974,8296.00,,3318275.05
03/09/2026,03/09/2026,UPI/770555970807/OFFICEMART/officemart@paytm,770555970807,4124.00,,3314151.05
03/09/2026,03/09/2026,IMPS/P2A/360713943979/OFFICEMART,360713943979,9992.00,,3304159.05
03/09/2026,03/09/2026,IMPS/P2A/448371597555/OFFICEMART,448371597555,5310.00,,3298849.05
03/09/2026,03/09/2026,RTGS DR-UTIB0000789-MAHINDRA LOGISTICS-INV2098,UTIBR640686047202239,85380.00,,3213469.05
03/09/2026,03/09/2026,UPI/922742035596/SWIGGY/swiggy@okaxis,922742035596,3448.60,,3210020.45
03/09/2026,03/09/2026,NEFT DR-KKBK0000958-ACME TRADERS-INV2101,KKBKN51866123061,210280.00,,2999740.45
03/09/2026,03/09/2026,IMPS/P2A/820602462968/OFFICEMART,820602462968,6019.00,,2993721.45
03/09/2026,03/09/2026,NEFT CR-UTIB0000789-ASIAN PAINTS LTD,UTIBN43700377151,,517970.00,3511691.45
03/09/2026,03/09/2026,UPI/630762509167/SWIGGY/swiggy@paytm,630762509167,1235.13,,3510456.32
03/09/2026,03/09/2026,UPI/803681614189/SWIGGY/swiggy@okhdfcbank,803681614189,1096.14,,3509360.18
03/09/2026,03/09/2026,RTGS DR-ICIC0000456-SHARMA STEEL IND-INV2102,ICICR582036056702580,398900.00,,3110460.18
03/09/2026,03/09/2026,RTGS CR-YESB0000221-FLIPKART INTERNET-46124611,YESBR720963346124611,,642950.00,3753410.18
03/09/2026,03/09/2026,UPI/172982437326/OFFICEMART/officemart@okhdfcbank,172982437326,4571.00,,3748839.18
03/09/2026,03/09/2026,UPI/133108301937/MAKEMYTRIP/makemytrip@okhdfcbank,133108301937,37240.00,,3711599.18
03/09/2026,03/09/2026,UPI/079042745863/UBER INDIA/uber@okhdfcbank,079042745863,1085.95,,3710513.23
04/09/2026,04/09/2026,UPI/264956748009/UBER INDIA/uber@ybl,264956748009,1726.30,,3708786.93
04/09/2026,04/09/2026,UPI/116735414393/OFFICEMART/officemart@paytm,116735414393,2092.00,,3706694.93
04/09/2026,04/09/2026,NEFT DR-SBIN0001234-BLUEDART EXPRESS-INV2108,SBINN30326948077,26440.00,,3680254.93
04/09/2026,04/09/2026,NEFT DR-HDFC0000123-ACME TRADERS,HDFCN73573565854,120900.00,,3559354.93
04/09/2026,04/09/2026,NEFT DR-HDFC0000123-DELHIVERY-INV2107,HDFCN16480561851,38640.00,,3520714.93
04/09/2026,04/09/2026,RTGS DR-KKBK0000958-MAHINDRA LOGISTICS-41120253,KKBKR793808241120253,242540.00,,3278174.93
04/09/2026,04/09/2026,NACH-DR-BHARTI AIRTEL-1257637408,SBIN20061257637408,10270.00,,3267904.93
04/09/2026,04/09/2026,UPI/810023685016/UBER INDIA/uber@okhdfcbank,810023685016,736.42,,3267168.51
04/09/2026,04/09/2026,NEFT DR-UTIB0000789-ACME TRADERS-INV2096,UTIBN18747700328,191420.00,,3075748.51
05/09/2026,05/09/2026,NACH-DR-AMAZON WEB SERVICES-3303904474,HDFC67823303904474,68470.44,,3007278.07
06/09/2026,06/09/2026,POS 4893XXXXXXXX0999 MAKEMYTRIP BANGALORE,935000,28570.00,,2978708.07
06/09/2026,06/09/2026,NEFT DR-KKBK0000958-KHAITAN CO LLP,KKBKN13893414905,185540.00,,2793168.07
06/09/2026,06/09/2026,NEFT DR-SBIN0001234-SHARMA STEEL IND,SBINN54127889251,236620.00,,2556548.07
06/09/2026,06/09/2026,NEFT DR-ICIC0000456-QUESS CORP,ICICN59729303692,255600.00,,2300948.07
06/09/2026,06/09/2026,NACH-DR-GOOGLE CLOUD INDIA-4268736613,UTIB41654268736613,14674.41,,2286273.66
07/09/2026,07/09/2026,UPI/087522844454/UBER INDIA/uber@okaxis,087522844454,1390.35,,2284883.31
07/09/2026,07/09/2026,RTGS DR-ICIC0000456-MAHINDRA LOGISTICS-INV2106,ICICR954025516754558,94370.00,,2190513.31
07/09/2026,07/09/2026,NACH-DR-RELIANCE JIO-7714449042,SBIN25037714449042,12921.00,,2177592.31
07/09/2026,07/09/2026,NEFT DR-SBIN0001234-DELHIVERY-INV2111,SBINN28152266264,12946.00,,2164646.31
07/09/2026,07/09/2026,NEFT DR-ICIC0000456-ACME TRADERS-INV2110,ICICN86099916905,218610.00,,1946036.31
07/09/2026,07/09/2026,UPI/122052295239/MAKEMYTRIP/makemytrip@ybl,122052295239,40280.00,,1905756.31
07/09/2026,07/09/2026,NEFT CR-UTIB0000789-FLIPKART INTERNET,UTIBN43678849923,,593860.00,2499616.31
08/09/2026,08/09/2026,NEFT DR-KKBK0000958-SHARMA STEEL IND,KKBKN75721448716,315260.00,,2184356.31
08/09/2026,08/09/2026,UPI/585747287097/MAKEMYTRIP/makemytrip@okaxis,585747287097,10158.00,,2174198.31
08/09/2026,08/09/2026,NACH-DR-ZOHO CORP-4441446798,HDFC42264441446798,9831.00,,2164367.31
08/09/2026,08/09/2026,NEFT DR-KKBK0000958-DELHIVERY-INV2118,KKBKN29128436945,8510.00,,2155857.31
08/09/2026,08/09/2026,UPI/458541430440/UBER INDIA/uber@paytm,458541430440,907.83,,2154949.48
08/09/2026,08/09/2026,POS 4893XXXXXXXX1772 MAKEMYTRIP BANGALORE,054526,41570.00,,2113379.48
08/09/2026,08/09/2026,POS 4893XXXXXXXX2157 MAKEMYTRIP BANGALORE,254620,32060.00,,2081319.48
08/09/2026,08/09/2026,UPI/365828291784/SWIGGY/swiggy@ybl,365828291784,2535.35,,2078784.13
08/09/2026,08/09/2026,NEFT DR-HDFC0000123-DELHIVERY-INV2115,HDFCN37214573501,49660.00,,2029124.13
09/09/2026,09/09/2026,NEFT DR-YESB0000221-DELHIVERY,YESBN15729482007,34870.00,,1994254.13
09/09/2026,09/09/2026,UPI/984923276891/SWIGGY/swiggy@ybl,984923276891,1323.26,,1992930.87
09/09/2026,09/09/2026,UPI/763231198922/OFFICEMART/officemart@ybl,763231198922,3398.00,,1989532.87
09/09/2026,09/09/2026,NEFT CR-SBIN0001234-LARSEN AND TOUBRO,SBINN64569590913,,510650.00,2500182.87
09/09/2026,09/09/2026,UPI/456957883727/UBER INDIA/uber@paytm,456957883727,270.88,,2499911.99
09/09/2026,09/09/2026,NEFT DR-KKBK0000958-ACME TRADERS-INV2116,KKBKN90997065649,57830.00,,2442081.99
09/09/2026,09/09/2026,NEFT DR-UTIB0000789-DELHIVERY-INV2121,UTIBN91362019205,19439.00,,2422642.99
09/09/2026,09/09/2026,NACH-DR-BHARTI AIRTEL-1102359972,UTIB53171102359972,10334.00,,2412308.99
09/09/2026,09/09/2026,NEFT DR-YESB0000221-ACME TRADERS,YESBN51173768821,147200.00,,2265108.99
09/09/2026,09/09/2026,NEFT DR-ICIC0000456-BLUEDART EXPRESS-INV2125,ICICN90960224191,30930.00,,2234178.99
09/09/2026,09/09/2026,IMPS/P2A/365151567880/OFFICEMART,365151567880,10650.00,,2223528.99
09/09/2026,09/09/2026,NACH-DR-GOOGLE CLOUD INDIA-2619542953,YESB88862619542953,12835.65,,2210693.34
10/09/2026,10/09/2026,UPI/116450281226/SWIGGY/swiggy@okhdfcbank,116450281226,3806.11,,2206887.23
10/09/2026,10/09/2026,IMPS/P2A/420251387312/OFFICEMART,420251387312,7033.00,,2199854.23
10/09/2026,10/09/2026,NEFT DR-KKBK0000958-DELHIVERY-INV2119,KKBKN52950474540,48060.00,,2151794.23
10/09/2026,10/09/2026,NEFT CR-HDFC0000123-RAZORPAY SOFTWARE,HDFCN58082561454,,94400.30,2246194.53
10/09/2026,10/09/2026,IMPS/P2A/743475986365/OFFICEMART,743475986365,1443.00,,2244751.53
10/09/2026,10/09/2026,NEFT DR-HDFC0000123-DELHIVERY-INV2130,HDFCN71905041619,13352.00,,2231399.53
11/09/2026,11/09/2026,NEFT DR-UTIB0000789-DELHIVERY-INV2134,UTIBN15140286879,11704.00,,2219695.53
11/09/2026,11/09/2026,UPI/865255863685/UBER INDIA/uber@ybl,865255863685,473.60,,2219221.93
11/09/2026,11/09/2026,NEFT DR-HDFC0000123-ACME TRADERS,HDFCN50162915911,223460.00,,1995761.93
11/09/2026,11/09/2026,RTGS DR-UTIB0000789-SHARMA STEEL IND-50706972,UTIBR468809250706972,240790.00,,1754971.93
11/09/2026,11/09/2026,UPI/928681636352/SWIGGY/swiggy@paytm,928681636352,1122.51,,1753849.42
11/09/2026,11/09/2026,NEFT DR-KKBK0000958-DELHIVERY-INV2230,KKBKN34337967032,22815.00,,1731034.42
12/09/2026,12/09/2026,UPI/480813570955/MAKEMYTRIP/makemytrip@okhdfcbank,480813570955,21940.00,,1709094.42
12/09/2026,12/09/2026,NACH-DR-ZOHOCORP-1657682003,YESB75141657682003,17757.00,,1691337.42
13/09/2026,13/09/2026,NACH-DR-ZOHOCORP-4639080811,UTIB89114639080811,13806.00,,1677531.42
13/09/2026,13/09/2026,NEFT DR-KKBK0000958-ACME TRADERS,KKBKN06915744365,69240.00,,1608291.42
13/09/2026,13/09/2026,NACH-DR-ZOHO CORP-4266318103,YESB97924266318103,20230.00,,1588061.42
14/09/2026,14/09/2026,DEBIT CARD ANNUAL FEE,1091231154,590.00,,1587471.42
14/09/2026,14/09/2026,RTGS CR-UTIB0000789-HINDUSTAN UNILEVER-77744951,UTIBR215627277744951,,310230.00,1897701.42
14/09/2026,14/09/2026,UPI/181601374212/UBER INDIA/uber@ybl,181601374212,481.42,,1897220.00
14/09/2026,14/09/2026,RTGS CR-YESB0000221-TATA MOTORS PASS VEH-36228291,YESBR091188436228291,,763950.00,2661170.00
14/09/2026,14/09/2026,POS 4893XXXXXXXX9854 MAKEMYTRIP BANGALORE,310857,31010.00,,2630160.00
14/09/2026,14/09/2026,UPI/434423178279/MAKEMYTRIP/makemytrip@ybl,434423178279,34150.00,,2596010.00
14/09/2026,14/09/2026,NEFT DR-HDFC0000123-DELHIVERY-INV2145,HDFCN13446766834,21740.00,,2574270.00
15/09/2026,15/09/2026,NEFT DR-SBIN0001234-DELHIVERY-INV2150,SBINN32123901393,30060.00,,2544210.00
15/09/2026,15/09/2026,POS 4893XXXXXXXX4129 MAKEMYTRIP BANGALORE,988641,31340.00,,2512870.00
15/09/2026,15/09/2026,RTGS CR-KKBK0000958-LARSEN AND TOUBRO-64893563,KKBKR146676664893563,,365280.00,2878150.00
15/09/2026,15/09/2026,UPI/241842697098/SWIGGY/swiggy@okhdfcbank,241842697098,1430.98,,2876719.02
15/09/2026,15/09/2026,NACH-DR-AIRTEL BB-8760589840,UTIB75188760589840,11917.00,,2864802.02
16/09/2026,16/09/2026,UPI/830165932208/SWIGGY/swiggy@ybl,830165932208,1905.34,,2862896.68
16/09/2026,16/09/2026,UPI/807373892711/UBER INDIA/uber@ybl,807373892711,1540.80,,2861355.88
16/09/2026,16/09/2026,UPI/083779198966/UBER INDIA/uber@paytm,083779198966,1693.18,,2859662.70
16/09/2026,16/09/2026,RTGS CR-YESB0000221-HINDUSTAN UNILEVER-67052633,YESBR666954567052633,,461700.00,3321362.70
16/09/2026,16/09/2026,NEFT DR-HDFC0000123-ACME TRADERS-INV2154,HDFCN76926349592,282360.00,,3039002.70
16/09/2026,16/09/2026,UPI/660028090190/SWIGGY/swiggy@paytm,660028090190,1332.58,,3037670.12
16/09/2026,16/09/2026,NACH-DR-BESCOM BANGALORE-6962074938,SBIN59236962074938,59540.23,,2978129.89
16/09/2026,16/09/2026,POS 4893XXXXXXXX5970 MAKEMYTRIP BANGALORE,964137,9085.00,,2969044.89
17/09/2026,17/09/2026,POS 4893XXXXXXXX3746 MMT INDIA BANGALORE,594993,22410.00,,2946634.89
17/09/2026,17/09/2026,UPI/326863084191/UBER INDIA/uber@okhdfcbank,326863084191,1735.06,,2944899.83
17/09/2026,17/09/2026,POS 4893XXXXXXXX7569 MAKEMYTRIP BANGALORE,810460,18669.00,,2926230.83
17/09/2026,17/09/2026,NEFT DR-UTIB0000789-BLUE DART EXP LTD,UTIBN29225596904,5348.00,,2920882.83
17/09/2026,17/09/2026,RTGS DR-ICIC0000456-SHARMA STEEL IND-86063256,ICICR214844386063256,420890.00,,2499992.83
17/09/2026,17/09/2026,NEFT DR-SBIN0001234-BLUEDART EXPRESS,SBINN28049356781,33550.00,,2466442.83
17/09/2026,17/09/2026,UPI/546043698331/SWIGGY/swiggy@okhdfcbank,546043698331,3169.02,,2463273.81
17/09/2026,17/09/2026,UPI/538169620695/UBER INDIA/uber@okaxis,538169620695,330.42,,2462943.39
18/09/2026,18/09/2026,NEFT DR-YESB0000221-DELHIVERY-INV2166,YESBN62168947417,40710.00,,2422233.39
18/09/2026,18/09/2026,RTGS CR-SBIN0001234-TATA MOTORS LTD-56308886,SBINR115400056308886,,1100100.00,3522333.39
18/09/2026,18/09/2026,NACH-DR-BHARTI AIRTEL-1802436043,KKBK62461802436043,6422.00,,3515911.39
18/09/2026,18/09/2026,NEFT DR-YESB0000221-KHAITAN AND CO,YESBN37412155286,132140.00,,3383771.39
18/09/2026,18/09/2026,NACH-DR-AMAZON WEB SERVICES-6330135499,YESB67796330135499,76230.47,,3307540.92
18/09/2026,18/09/2026,RTGS DR-ICIC0000456-MAHINDRA LOGISTICS-INV2168,ICICR505776828956150,136780.00,,3170760.92
18/09/2026,18/09/2026,POS 4893XXXXXXXX4149 MMT INDIA BANGALORE,865522,5810.00,,3164950.92
18/09/2026,18/09/2026,NACH-DR-ZOHO CORP-5420251774,ICIC05715420251774,13313.00,,3151637.92
18/09/2026,18/09/2026,NEFT DR-SBIN0001234-MLL SUPPLY CHAIN,SBINN61647423585,183380.00,,2968257.92
18/09/2026,18/09/2026,UPI/604308472406/UBER INDIA/uber@okhdfcbank,604308472406,329.88,,2967928.04
18/09/2026,18/09/2026,POS 4893XXXXXXXX7840 MAKEMYTRIP BANGALORE,016931,18728.00,,2949200.04
18/09/2026,18/09/2026,UPI/233453607846/SWIGGY/swiggy@okhdfcbank,233453607846,2193.75,,2947006.29
19/09/2026,19/09/2026,UPI/667522583033/JIO PLATFORMS/reliance@okhdfcbank,667522583033,4896.00,,2942110.29
19/09/2026,19/09/2026,UPI/327122608258/RELIANCE JIO/reliance@paytm,327122608258,6368.00,,2935742.29
20/09/2026,20/09/2026,NEFT DR-ICIC0000456-ACME TRADERS-INV2165,ICICN49210230534,279680.00,,2656062.29
20/09/2026,20/09/2026,NACH-DR-BANGALORE ELEC SUPPLY-0863828895,KKBK56920863828895,38000.28,,2618062.01
20/09/2026,20/09/2026,UPI/971015160676/UBER INDIA/uber@okaxis,971015160676,1539.46,,2616522.55
21/09/2026,21/09/2026,NEFT DR-KKBK0000958-DELHIVERY-INV2171,KKBKN26977920527,38980.00,,2577542.55
21/09/2026,21/09/2026,UPI/737074220515/UBER INDIA/uber@okaxis,737074220515,431.75,,2577110.80
21/09/2026,21/09/2026,UPI/940829166407/RELIANCE JIO/reliance@ybl,940829166407,9552.00,,2567558.80
21/09/2026,21/09/2026,NEFT DR-YESB0000221-ACME TRADERS-INV2163,YESBN45671881683,44310.00,,2523248.80
21/09/2026,21/09/2026,RTGS CR-UTIB0000789-TATA MOTORS LTD-66943791,UTIBR455724966943791,,781770.00,3305018.80
21/09/2026,21/09/2026,UPI/437760232516/UBER INDIA/uber@okhdfcbank,437760232516,746.77,,3304272.03
21/09/2026,21/09/2026,NACH-DR-AMAZON WEB SERVICES-0173955331,HDFC53390173955331,107150.78,,3197121.25
21/09/2026,21/09/2026,NEFT DR-SBIN0001234-BLUEDART EXPRESS-INV2173,SBINN66788088024,10271.00,,3186850.25
22/09/2026,22/09/2026,NEFT DR-ICIC0000456-ACME TRADERS-INV2174,ICICN04153898272,182650.00,,3004200.25
22/09/2026,22/09/2026,NEFT DR-ICIC0000456-BLUEDART EXPRESS,ICICN79611017771,15827.00,,2988373.25
22/09/2026,22/09/2026,UPI/905849223512/SWIGGY/swiggy@okhdfcbank,905849223512,3901.55,,2984471.70
22/09/2026,22/09/2026,UPI/866186502953/UBER INDIA/uber@okaxis,866186502953,1102.64,,2983369.06
22/09/2026,22/09/2026,UPI/847146217306/UBER INDIA/uber@paytm,847146217306,1020.57,,2982348.49
22/09/2026,22/09/2026,NACH-DR-ZOHO CORP-8744886555,SBIN26268744886555,13673.00,,2968675.49
22/09/2026,22/09/2026,NEFT DR-HDFC0000123-ACME TRADERS,HDFCN31302573554,114740.00,,2853935.49
22/09/2026,22/09/2026,NACH-DR-GOOGLE CLOUD INDIA-8913706846,UTIB16098913706846,20700.64,,2833234.85
23/09/2026,23/09/2026,RTGS CR-HDFC0000123-FLIPKART INTERNET-52584241,HDFCR139642952584241,,795410.00,3628644.85
23/09/2026,23/09/2026,UPI/709403319747/UBER INDIA/uber@ybl,709403319747,556.17,,3628088.68
23/09/2026,23/09/2026,IMPS/P2A/470621986987/OFFICEMART,470621986987,3925.00,,3624163.68
23/09/2026,23/09/2026,NACH-DR-BHARTI AIRTEL-8543038275,YESB20438543038275,8310.00,,3615853.68
23/09/2026,23/09/2026,UPI/095439971128/SWIGGY/swiggy@ybl,095439971128,3925.73,,3611927.95
23/09/2026,23/09/2026,NEFT DR-KKBK0000958-ACME TRADERS,KKBKN33185630614,175910.00,,3436017.95
23/09/2026,23/09/2026,RTGS CR-ICIC0000456-HINDUSTAN UNILEVER-39819889,ICICR930195839819889,,420000.00,3856017.95
23/09/2026,23/09/2026,UPI/812464809150/RELIANCE JIO/reliance@okhdfcbank,812464809150,6639.00,,3849378.95
23/09/2026,23/09/2026,UPI/292197095648/OFFICEMART/officemart@ybl,292197095648,8118.00,,3841260.95
23/09/2026,23/09/2026,NEFT DR-HDFC0000123-ACME TRADERS-INV2190,HDFCN90809906217,254700.00,,3586560.95
24/09/2026,24/09/2026,NEFT DR-UTIB0000789-ACME TRADERS-INV2194,UTIBN34246166875,220520.00,,3366040.95
24/09/2026,24/09/2026,UPI/634210955963/OFFICEMART/officemart@paytm,634210955963,2992.00,,3363048.95
24/09/2026,24/09/2026,UPI/962323396842/SWIGGY/swiggy@okhdfcbank,962323396842,3266.40,,3359782.55
24/09/2026,24/09/2026,RTGS DR-YESB0000221-MAHINDRA LOGISTICS-INV2199,YESBR614754328124374,227430.00,,3132352.55
24/09/2026,24/09/2026,NEFT DR-UTIB0000789-BLUEDART EXPRESS-INV2201,UTIBN02052404533,23730.00,,3108622.55
24/09/2026,24/09/2026,UPI/605590732118/RELIANCE JIO/reliance@okhdfcbank,605590732118,13381.00,,3095241.55
24/09/2026,24/09/2026,UPI/338528609018/UBER INDIA/uber@ybl,338528609018,1876.38,,3093365.17
25/09/2026,25/09/2026,NACH-DR-AMAZON WEB SERVICES-0631300535,YESB71280631300535,87899.56,,3005465.61
25/09/2026,25/09/2026,NACH-DR-ZOHO CORP-4461744070,UTIB19874461744070,21540.00,,2983925.61
25/09/2026,25/09/2026,NACH-DR-BESCOM BANGALORE-1393877381,SBIN58911393877381,49340.54,,2934585.07
25/09/2026,25/09/2026,NEFT DR-HDFC0000123-ACME TRADERS-INV2213,HDFCN78102160493,130540.00,,2804045.07
25/09/2026,25/09/2026,NACH-DR-BESCOM BANGALORE-3164161741,HDFC21463164161741,44770.70,,2759274.37
25/09/2026,25/09/2026,NEFT DR-SBIN0001234-BLUEDART EXPRESS-INV2197,SBINN17963507509,33130.00,,2726144.37
25/09/2026,25/09/2026,NEFT DR-YESB0000221-BLUEDART EXPRESS-INV2203,YESBN06517400986,11016.00,,2715128.37
25/09/2026,25/09/2026,NEFT DR-UTIB0000789-DELHIVERY-INV2207,UTIBN39992915092,9897.00,,2705231.37
26/09/2026,26/09/2026,UPI/280484403674/MAKEMYTRIP/makemytrip@okhdfcbank,280484403674,41930.00,,2663301.37
27/09/2026,27/09/2026,UPI/769529538045/UBER INDIA/uber@okhdfcbank,769529538045,1362.71,,2661938.66
27/09/2026,27/09/2026,RTGS DR-ICIC0000456-GLOBAL TECH VENTURES-RTGS77120,ICICR889530172840864,875000.00,,1786938.66
28/09/2026,28/09/2026,NACH-DR-BHARTI AIRTEL-8725878538,ICIC07858725878538,11965.00,,1774973.66
28/09/2026,28/09/2026,UPI/702734423251/SWIGGY/swiggy@okhdfcbank,702734423251,2413.08,,1772560.58
28/09/2026,28/09/2026,NACH-DR-BHARTI AIRTEL-1285217929,UTIB11611285217929,11509.00,,1761051.58
28/09/2026,28/09/2026,UPI/688385795279/UBER INDIA/uber@paytm,688385795279,597.83,,1760453.75
28/09/2026,28/09/2026,NEFT CR-UTIB0000789-FLIPKART INTERNET,UTIBN69183511999,,189420.00,1949873.75
28/09/2026,28/09/2026,NEFT DR-KKBK0000958-QUESS CORP-INV2205,KKBKN98815544699,261500.00,,1688373.75
28/09/2026,28/09/2026,UPI/811834986412/SWIGGY/swiggy@okaxis,811834986412,2030.70,,1686343.05
28/09/2026,28/09/2026,NEFT CR-SBIN0001234-RAZORPAY SOFTWARE,SBINN74173505851,,39560.46,1725903.51
29/09/2026,29/09/2026,UPI/473970348633/OFFICEMART/officemart@okaxis,473970348633,8535.00,,1717368.51
29/09/2026,29/09/2026,NACH-DR-RELIANCE JIO-9935900745,SBIN09139935900745,3639.00,,1713729.51
29/09/2026,29/09/2026,NEFT DR-ICIC0000456-ACME TRADERS,ICICN45893980608,81870.00,,1631859.51
29/09/2026,29/09/2026,POS 4893XXXXXXXX7479 MAKEMYTRIP BANGALORE,426779,28080.00,,1603779.51
29/09/2026,29/09/2026,UPI/411076851332/UBER INDIA/uber@ybl,411076851332,425.46,,1603354.05
29/09/2026,29/09/2026,NEFT CR-YESB0000221-RAZORPAY SOFTWARE,YESBN66783514626,,65580.21,1668934.26
30/09/2026,30/09/2026,POS 4893XXXXXXXX0650 MAKEMYTRIP BANGALORE,656919,14367.00,,1654567.26
30/09/2026,30/09/2026,NACH-DR-BESCOM BANGALORE-1757934147,KKBK45401757934147,36100.83,,1618466.43
30/09/2026,30/09/2026,INT.PD:01-09-26 TO 30-09-26,9165243976,,4318.00,1622784.43
30/09/2026,30/09/2026,NACH-DR-RELIANCE JIO-5175226486,KKBK60535175226486,8587.00,,1614197.43
30/09/2026,30/09/2026,NEFT DR-UTIB0000789-BLUEDART EXPRESS-INV2227,UTIBN21479005310,36440.00,,1577757.43
30/09/2026,30/09/2026,NEFT CR-HDFC0000123-LARSEN AND TOUBRO,HDFCN54326907810,,270150.00,1847907.43
30/09/2026,30/09/2026,NACH-DR-BHARTI AIRTEL-5278760730,HDFC18195278760730,3379.00,,1844528.43
30/09/2026,30/09/2026,UPI/100661104082/SWIGGY/swiggy@paytm,100661104082,1415.89,,1843112.54
30/09/2026,30/09/2026,NEFT DR-UTIB0000789-DELHIVERY-INV2226,UTIBN58860107848,53030.00,,1790082.54
30/09/2026,30/09/2026,UPI/017015202067/UBER INDIA/uber@okaxis,017015202067,681.63,,1789400.91
30/09/2026,30/09/2026,UPI/210079224603/OFFICEMART/officemart@okhdfcbank,210079224603,9174.00,,1780226.91
30/09/2026,30/09/2026,RTGS DR-SBIN0001234-SHARMA STEEL IND-INV2216,SBINR068510588506078,180370.00,,1599856.91
01/10/2026,01/10/2026,UPI/881565783341/SWIGGY/swiggy@ybl,881565783341,2174.56,,1597682.35
01/10/2026,01/10/2026,CLG CHQ DEP-004514-LARSEN AND TOUBRO,004514,,340000.00,1937682.35
02/10/2026,02/10/2026,UPI/328203608734/UBER INDIA/uber@okhdfcbank,328203608734,653.41,,1937028.94
02/10/2026,02/10/2026,RTGS DR-UTIB0000789-SHARMA STEEL IND-39708180,UTIBR074603039708180,222800.00,,1714228.94
02/10/2026,02/10/2026,UPI/852557721996/UBER INDIA/uber@paytm,852557721996,467.40,,1713761.54
03/10/2026,03/10/2026,NEFT DR-UTIB0000789-ACME TRADERS,UTIBN88919734717,259440.00,,1454321.54
03/10/2026,03/10/2026,CHQ PAID-004512-SHARMA STEEL IND,004512,245000.00,,1209321.54
04/10/2026,04/10/2026,CHQ PAID-004513-KHAITAN AND CO,004513,118000.00,,1091321.54
04/10/2026,04/10/2026,NEFT DR-ICIC0000456-QUESS CORP,ICICN66824320223,181000.00,,910321.54
