Voucher Date,Vch Type,Vch No.,Particulars,Ledger,Debit,Credit,Cost Centre,Narration
01-Sep-2026,Payment,INV-2086,Sharma Steel Industries,ICICI Bank A/c 8834,,204210.00,5010 Raw Materials,Payment to Sharma Steel Industries against INV-2086 · Steel coils
01-Sep-2026,Payment,INV-2087,Delhivery Ltd,HDFC Bank A/c 4521,,9856.00,6500 Logistics,Payment to Delhivery Ltd against INV-2087 · Freight
01-Sep-2026,Payment,INV-2088,Sharma Steel Industries,HDFC Bank A/c 4521,,235000.00,5010 Raw Materials,Payment to Sharma Steel Industries against INV-2088 · Steel coils
01-Sep-2026,Payment,INV-2089,Sharma Steel Industries,HDFC Bank A/c 4521,,159920.00,5010 Raw Materials,Payment to Sharma Steel Industries against INV-2089 · Steel coils
01-Sep-2026,Payment,INV-2090,ACME Traders Pvt Ltd,ICICI Bank A/c 8834,,179770.00,5010 Raw Materials,Payment to ACME Traders Pvt Ltd against INV-2090 · Raw material purchase
01-Sep-2026,Payment,INV-2091,Blue Dart Express,ICICI Bank A/c 8834,,29120.00,6500 Logistics,Payment to Blue Dart Express against INV-2091 · Courier charges
01-Sep-2026,Payment,PV-09-0387,Uber India,ICICI Bank A/c 8834,,736.42,6600 Travel,Payment to Uber India · Local conveyance
01-Sep-2026,Payment,PV-09-0388,Blue Dart Express,HDFC Bank A/c 4521,,25450.00,6500 Logistics,Payment to Blue Dart Express · Courier charges
01-Sep-2026,Payment,PV-09-0389,ACME Traders Pvt Ltd,HDFC Bank A/c 4521,,290720.00,5010 Raw Materials,Payment to ACME Traders Pvt Ltd · Raw material purchase
01-Sep-2026,Payment,PV-09-0390,MakeMyTrip India,HDFC Bank A/c 4521,,35170.00,6600 Travel,Payment to MakeMyTrip India · Business travel
01-Sep-2026,Payment,PV-09-0391,Amazon Web Services India,HDFC Bank A/c 4521,,80080.70,6200 Cloud & Software,Payment to Amazon Web Services India · Cloud hosting
01-Sep-2026,Payment,PV-09-0392,Uber India,ICICI Bank A/c 8834,,1085.95,6600 Travel,Payment to Uber India · Local conveyance
01-Sep-2026,Payment,PV-09-0396,Uber India,ICICI Bank A/c 8834,,316.78,6600 Travel,Payment to Uber India · Local conveyance
01-Sep-2026,Payment,PV-09-0398,Reliance Jio Infocomm,HDFC Bank A/c 4521,,14212.00,6400 Telecom,Payment to Reliance Jio Infocomm · Postpaid & leased line
01-Sep-2026,Payment,PV-09-0400,Quess Corp,HDFC Bank A/c 4521,,293470.00,7200 Contract Staff,Payment to Quess Corp · Contract staffing
01-Sep-2026,Payment,PV-09-0401,Delhivery Ltd,HDFC Bank A/c 4521,,43320.00,6500 Logistics,Payment to Delhivery Ltd · Freight
01-Sep-2026,Receipt,RV-09-0386,Flipkart Internet Pvt Ltd,HDFC Bank A/c 4521,240420.00,,4000 Revenue — Sales,Receipt from Flipkart Internet Pvt Ltd · Customer receipt
01-Sep-2026,Receipt,RV-09-0393,Razorpay Software,HDFC Bank A/c 4521,31950.29,,4010 Revenue — Online,Receipt from Razorpay Software · Gateway settlement
01-Sep-2026,Receipt,RV-09-0394,Tata Motors Ltd,HDFC Bank A/c 4521,545600.00,,4000 Revenue — Sales,Receipt from Tata Motors Ltd · Customer receipt
01-Sep-2026,Receipt,RV-09-0395,Flipkart Internet Pvt Ltd,HDFC Bank A/c 4521,678670.00,,4000 Revenue — Sales,Receipt from Flipkart Internet Pvt Ltd · Customer receipt
01-Sep-2026,Receipt,RV-09-0397,Flipkart Internet Pvt Ltd,HDFC Bank A/c 4521,832700.00,,4000 Revenue — Sales,Receipt from Flipkart Internet Pvt Ltd · Customer receipt
01-Sep-2026,Receipt,RV-09-0399,Hindustan Unilever,ICICI Bank A/c 8834,498210.00,,4000 Revenue — Sales,Receipt from Hindustan Unilever · Customer receipt
02-Sep-2026,Payment,INV-2092,Delhivery Ltd,ICICI Bank A/c 8834,,20180.00,6500 Logistics,Payment to Delhivery Ltd against INV-2092 · Freight
02-Sep-2026,Payment,INV-2093,Godrej Interio,HDFC Bank A/c 4521,,134050.00,1500 Furniture & Fixtures,Payment to Godrej Interio against INV-2093 · Office furniture
02-Sep-2026,Payment,INV-2094,ACME Traders Pvt Ltd,ICICI Bank A/c 8834,,244970.00,5010 Raw Materials,Payment to ACME Traders Pvt Ltd against INV-2094 · Raw material purchase
02-Sep-2026,Payment,INV-2095,Mahindra Logistics,ICICI Bank A/c 8834,,111790.00,6500 Logistics,Payment to Mahindra Logistics against INV-2095 · Warehousing
02-Sep-2026,Payment,INV-2096,ACME Traders Pvt Ltd,ICICI Bank A/c 8834,,191420.00,5010 Raw Materials,Payment to ACME Traders Pvt Ltd against INV-2096 · Raw material purchase
02-Sep-2026,Payment,PV-09-0402,Delhivery Ltd,ICICI Bank A/c 8834,,42460.00,6500 Logistics,Payment to Delhivery Ltd · Freight
02-Sep-2026,Payment,PV-09-0403,MakeMyTrip India,ICICI Bank A/c 8834,,40820.00,6600 Travel,Payment to MakeMyTrip India · Business travel
02-Sep-2026,Payment,PV-09-0404,Reliance Jio Infocomm,HDFC Bank A/c 4521,,4361.00,6400 Telecom,Payment to Reliance Jio Infocomm · Postpaid & leased line
02-Sep-2026,Payment,PV-09-0405,Swiggy,HDFC Bank A/c 4521,,2440.60,6610 Staff Welfare,Payment to Swiggy · Team meals
02-Sep-2026,Payment,PV-09-0406,Uber India,HDFC Bank A/c 4521,,391.54,6600 Travel,Payment to Uber India · Local conveyance
02-Sep-2026,Payment,PV-09-0407,Uber India,ICICI Bank A/c 8834,,1110.21,6600 Travel,Payment to Uber India · Local conveyance
02-Sep-2026,Payment,PV-09-0408,MakeMyTrip India,HDFC Bank A/c 4521,,14730.00,6600 Travel,Payment to MakeMyTrip India · Business travel
02-Sep-2026,Payment,PV-09-0409,Uber India,HDFC Bank A/c 4521,,733.43,6600 Travel,Payment to Uber India · Local conveyance
02-Sep-2026,Payment,PV-09-0410,Office Mart Supplies,ICICI Bank A/c 8834,,9992.00,6800 Office Supplies,Payment to Office Mart Supplies · Stationery
02-Sep-2026,Payment,PV-09-0411,Reliance Jio Infocomm,ICICI Bank A/c 8834,,5235.00,6400 Telecom,Payment to Reliance Jio Infocomm · Postpaid & leased line
02-Sep-2026,Payment,PV-09-0412,Uber India,HDFC Bank A/c 4521,,682.13,6600 Travel,Payment to Uber India · Local conveyance
02-Sep-2026,Payment,PV-09-0413,Uber India,HDFC Bank A/c 4521,,627.47,6600 Travel,Payment to Uber India · Local conveyance
02-Sep-2026,Payment,PV-09-0414,Amazon Web Services India,HDFC Bank A/c 4521,,61390.13,6200 Cloud & Software,Payment to Amazon Web Services India · Cloud hosting
02-Sep-2026,Payment,PV-09-0415,Office Mart Supplies,ICICI Bank A/c 8834,,6019.00,6800 Office Supplies,Payment to Office Mart Supplies · Stationery
02-Sep-2026,Payment,PV-09-0416,Swiggy,ICICI Bank A/c 8834,,1611.00,6610 Staff Welfare,Payment to Swiggy · Team meals
02-Sep-2026,Payment,PV-09-0417,MakeMyTrip India,HDFC Bank A/c 4521,,17493.00,6600 Travel,Payment to MakeMyTrip India · Business travel
02-Sep-2026,Payment,PV-09-0418,Swiggy,HDFC Bank A/c 4521,,383.85,6610 Staff Welfare,Payment to Swiggy · Team meals
02-Sep-2026,Payment,PV-09-0419,Uber India,HDFC Bank A/c 4521,,840.42,6600 Travel,Payment to Uber India · Local conveyance
02-Sep-2026,Payment,PV-09-0420,Amazon Web Services India,HDFC Bank A/c 4521,,114620.12,6200 Cloud & Software,Payment to Amazon Web Services India · Cloud hosting
02-Sep-2026,Payment,PV-09-0422,Amazon Web Services India,ICICI Bank A/c 8834,,68470.94,6200 Cloud & Software,Payment to Amazon Web Services India · Cloud hosting
02-Sep-2026,Receipt,RV-09-0421,Razorpay Software,HDFC Bank A/c 4521,55410.07,,4010 Revenue — Online,Receipt from Razorpay Software · Gateway settlement
02-Sep-2026,Receipt,RV-09-0423,Larsen & Toubro,ICICI Bank A/c 8834,703310.00,,4000 Revenue — Sales,Receipt from Larsen & Toubro · Customer receipt
03-Sep-2026,Payment,INV-2097,Sharma Steel Industries,HDFC Bank A/c 4521,,154720.00,5010 Raw Materials,Payment to Sharma Steel Industries against INV-2097 · Steel coils
03-Sep-2026,Payment,INV-2098,Mahindra Logistics,ICICI Bank A/c 8834,,85380.00,6500 Logistics,Payment to Mahindra Logistics against INV-2098 · Warehousing
03-Sep-2026,Payment,INV-2099,ACME Traders Pvt Ltd,HDFC Bank A/c 4521,,103060.00,5010 Raw Materials,Payment to ACME Traders Pvt Ltd against INV-2099 · Raw material purchase
03-Sep-2026,Payment,INV-2100,Blue Dart Express,HDFC Bank A/c 4521,,8576.00,6500 Logistics,Payment to Blue Dart Express against INV-2100 · Courier charges
03-Sep-2026,Payment,INV-2101,ACME Traders Pvt Ltd,ICICI Bank A/c 8834,,210280.00,5010 Raw Materials,Payment to ACME Traders Pvt Ltd against INV-2101 · Raw material purchase
03-Sep-2026,Payment,INV-2102,Sharma Steel Industries,ICICI Bank A/c 8834,,398900.00,5010 Raw Materials,Payment to Sharma Steel Industries against INV-2102 · Steel coils
03-Sep-2026,Payment,INV-2103,Delhivery Ltd,HDFC Bank A/c 4521,,39540.00,6500 Logistics,Payment to Delhivery Ltd against INV-2103 · Freight
03-Sep-2026,Payment,INV-2104,Delhivery Ltd,HDFC Bank A/c 4521,,18851.00,6500 Logistics,Payment to Delhivery Ltd against INV-2104 · Freight
03-Sep-2026,Payment,PV-09-0424,Reliance Jio Infocomm,HDFC Bank A/c 4521,,7924.00,6400 Telecom,Payment to Reliance Jio Infocomm · Postpaid & leased line
03-Sep-2026,Payment,PV-09-0425,Swiggy,HDFC Bank A/c 4521,,1915.02,6610 Staff Welfare,Payment to Swiggy · Team meals
03-Sep-2026,Payment,PV-09-0426,Swiggy,ICICI Bank A/c 8834,,3448.60,6610 Staff Welfare,Payment to Swiggy · Team meals
03-Sep-2026,Payment,PV-09-0427,Uber India,HDFC Bank A/c 4521,,1195.32,6600 Travel,Payment to Uber India · Local conveyance
03-Sep-2026,Payment,PV-09-0429,Reliance Jio Infocomm,HDFC Bank A/c 4521,,6961.00,6400 Telecom,Payment to Reliance Jio Infocomm · Postpaid & leased line
03-Sep-2026,Payment,PV-09-0430,Quess Corp,ICICI Bank A/c 8834,,255600.00,7200 Contract Staff,Payment to Quess Corp · Contract staffing
03-Sep-2026,Payment,PV-09-0431,Swiggy,ICICI Bank A/c 8834,,1235.13,6610 Staff Welfare,Payment to Swiggy · Team meals
03-Sep-2026,Payment,PV-09-0432,MakeMyTrip India,HDFC Bank A/c 4521,,18208.00,6600 Travel,Payment to MakeMyTrip India · Business travel
03-Sep-2026,Payment,PV-09-0433,Office Mart Supplies,HDFC Bank A/c 4521,,8200.00,6800 Office Supplies,Payment to Office Mart Supplies · Stationery
03-Sep-2026,Payment,PV-09-0434,Office Mart Supplies,ICICI Bank A/c 8834,,4571.00,6800 Office Supplies,Payment to Office Mart Supplies · Stationery
03-Sep-2026,Payment,PV-09-0435,Reliance Jio Infocomm,HDFC Bank A/c 4521,,4689.00,6400 Telecom,Payment to Reliance Jio Infocomm · Postpaid & leased line
03-Sep-2026,Payment,PV-09-0438,Google Cloud India,ICICI Bank A/c 8834,,14674.41,6200 Cloud & Software,Payment to Google Cloud India · Workspace & GCP
03-Sep-2026,Payment,PV-09-0439,Swiggy,HDFC Bank A/c 4521,,3225.02,6610 Staff Welfare,Payment to Swiggy · Team meals
03-Sep-2026,Payment,PV-09-0440,Uber India,HDFC Bank A/c 4521,,1057.38,6600 Travel,Payment to Uber India · Local conveyance
03-Sep-2026,Payment,PV-09-0441,Swiggy,ICICI Bank A/c 8834,,1096.14,6610 Staff Welfare,Payment to Swiggy · Team meals
03-Sep-2026,Payment,PV-09-0442,Office Mart Supplies,ICICI Bank A/c 8834,,8296.00,6800 Office Supplies,Payment to Office Mart Supplies · Stationery
03-Sep-2026,Payment,PV-09-0443,Office Mart Supplies,ICICI Bank A/c 8834,,5310.00,6800 Office Supplies,Payment to Office Mart Supplies · Stationery
03-Sep-2026,Payment,PV-09-0444,MakeMyTrip India,ICICI Bank A/c 8834,,37240.00,6600 Travel,Payment to MakeMyTrip India · Business travel
03-Sep-2026,Payment,PV-09-0445,Office Mart Supplies,ICICI Bank A/c 8834,,4124.00,6800 Office Supplies,Payment to Office Mart Supplies · Stationery
03-Sep-2026,Receipt,RV-09-0428,Flipkart Internet Pvt Ltd,HDFC Bank A/c 4521,555820.00,,4000 Revenue — Sales,Receipt from Flipkart Internet Pvt Ltd · Customer receipt
03-Sep-2026,Receipt,RV-09-0436,Asian Paints Ltd,ICICI Bank A/c 8834,517970.00,,4000 Revenue — Sales,Receipt from Asian Paints Ltd · Customer receipt
03-Sep-2026,Receipt,RV-09-0437,Flipkart Internet Pvt Ltd,ICICI Bank A/c 8834,642950.00,,4000 Revenue — Sales,Receipt from Flipkart Internet Pvt Ltd · Customer receipt
04-Sep-2026,Payment,INV-2105,Delhivery Ltd,HDFC Bank A/c 4521,,47710.00,6500 Logistics,Payment to Delhivery Ltd against INV-2105 · Freight
04-Sep-2026,Payment,INV-2106,Mahindra Logistics,ICICI Bank A/c 8834,,94370.00,6500 Logistics,Payment to Mahindra Logistics against INV-2106 · Warehousing
04-Sep-2026,Payment,INV-2107,Delhivery Ltd,ICICI Bank A/c 8834,,38640.00,6500 Logistics,Payment to Delhivery Ltd against INV-2107 · Freight
04-Sep-2026,Payment,INV-2108,Blue Dart Express,ICICI Bank A/c 8834,,26440.00,6500 Logistics,Payment to Blue Dart Express against INV-2108 · Courier charges
04-Sep-2026,Payment,INV-2109,Mahindra Logistics,HDFC Bank A/c 4521,,128300.00,6500 Logistics,Payment to Mahindra Logistics against INV-2109 · Warehousing
04-Sep-2026,Payment,PV-09-0446,MakeMyTrip India,ICICI Bank A/c 8834,,28570.00,6600 Travel,Payment to MakeMyTrip India · Business travel
04-Sep-2026,Payment,PV-09-0447,Office Mart Supplies,HDFC Bank A/c 4521,,11402.00,6800 Office Supplies,Payment to Office Mart Supplies · Stationery
04-Sep-2026,Payment,PV-09-0449,Amazon Web Services India,HDFC Bank A/c 4521,,45620.79,6200 Cloud & Software,Payment to Amazon Web Services India · Cloud hosting
04-Sep-2026,Payment,PV-09-0451,Office Mart Supplies,ICICI Bank A/c 8834,,2092.00,6800 Office Supplies,Payment to Office Mart Supplies · Stationery
04-Sep-2026,Payment,PV-09-0452,Swiggy,HDFC Bank A/c 4521,,3423.22,6610 Staff Welfare,Payment to Swiggy · Team meals
04-Sep-2026,Payment,PV-09-0453,Swiggy,HDFC Bank A/c 4521,,2932.30,6610 Staff Welfare,Payment to Swiggy · Team meals
04-Sep-2026,Payment,PV-09-0454,ACME Traders Pvt Ltd,ICICI Bank A/c 8834,,120900.00,5010 Raw Materials,Payment to ACME Traders Pvt Ltd · Raw material purchase
04-Sep-2026,Payment,PV-09-0455,Office Mart Supplies,HDFC Bank A/c 4521,,5531.00,6800 Office Supplies,Payment to Office Mart Supplies · Stationery
04-Sep-2026,Payment,PV-09-0457,Swiggy,HDFC Bank A/c 4521,,1151.80,6610 Staff Welfare,Payment to Swiggy · Team meals
04-Sep-2026,Payment,PV-09-0458,Mahindra Logistics,ICICI Bank A/c 8834,,242540.00,6500 Logistics,Payment to Mahindra Logistics · Warehousing
04-Sep-2026,Payment,PV-09-0459,Uber India,HDFC Bank A/c 4521,,1864.03,6600 Travel,Payment to Uber India · Local conveyance
04-Sep-2026,Payment,PV-09-0460,Bharti Airtel Ltd,HDFC Bank A/c 4521,,5445.00,6400 Telecom,Payment to Bharti Airtel Ltd · Broadband
04-Sep-2026,Payment,PV-09-0462,Bharti Airtel Ltd,ICICI Bank A/c 8834,,10270.00,6400 Telecom,Payment to Bharti Airtel Ltd · Broadband
04-Sep-2026,Payment,PV-09-0463,Uber India,ICICI Bank A/c 8834,,1726.30,6600 Travel,Payment to Uber India · Local conveyance
04-Sep-2026,Receipt,RV-09-0448,Razorpay Software,HDFC Bank A/c 4521,91200.58,,4010 Revenue — Online,Receipt from Razorpay Software · Gateway settlement
04-Sep-2026,Receipt,RV-09-0450,Flipkart Internet Pvt Ltd,HDFC Bank A/c 4521,772420.00,,4000 Revenue — Sales,Receipt from Flipkart Internet Pvt Ltd · Customer receipt
04-Sep-2026,Receipt,RV-09-0456,Flipkart Internet Pvt Ltd,HDFC Bank A/c 4521,356420.00,,4000 Revenue — Sales,Receipt from Flipkart Internet Pvt Ltd · Customer receipt
04-Sep-2026,Receipt,RV-09-0461,Razorpay Software,HDFC Bank A/c 4521,119000.89,,4010 Revenue — Online,Receipt from Razorpay Software · Gateway settlement
05-Sep-2026,Payment,PV-09-0464,Khaitan & Co,ICICI Bank A/c 8834,,185540.00,6700 Professional Fees,Payment to Khaitan & Co · Legal retainer
05-Sep-2026,Payment,PV-09-0465,Bharti Airtel Ltd,HDFC Bank A/c 4521,,7399.00,6400 Telecom,Payment to Bharti Airtel Ltd · Broadband
05-Sep-2026,Payment,PV-09-0466,BESCOM,HDFC Bank A/c 4521,,33420.32,6300 Utilities,Payment to BESCOM · Electricity
05-Sep-2026,Payment,PV-09-0467,Swiggy,HDFC Bank A/c 4521,,1541.35,6610 Staff Welfare,Payment to Swiggy · Team meals
06-Sep-2026,Payment,PV-09-0468,Sharma Steel Industries,ICICI Bank A/c 8834,,236620.00,5010 Raw Materials,Payment to Sharma Steel Industries · Steel coils
07-Sep-2026,Payment,INV-2110,ACME Traders Pvt Ltd,ICICI Bank A/c 8834,,218610.00,5010 Raw Materials,Payment to ACME Traders Pvt Ltd against INV-2110 · Raw material purchase
07-Sep-2026,Payment,INV-2111,Delhivery Ltd,ICICI Bank A/c 8834,,12946.00,6500 Logistics,Payment to Delhivery Ltd against INV-2111 · Freight
07-Sep-2026,Payment,INV-2112,ACME Traders Pvt Ltd,HDFC Bank A/c 4521,,265130.00,5010 Raw Materials,Payment to ACME Traders Pvt Ltd against INV-2112 · Raw material purchase
07-Sep-2026,Payment,INV-2113,Delhivery Ltd,HDFC Bank A/c 4521,,25330.00,6500 Logistics,Payment to Delhivery Ltd against INV-2113 · Freight
07-Sep-2026,Payment,INV-2114,ACME Traders Pvt Ltd,HDFC Bank A/c 4521,,50300.00,5010 Raw Materials,Payment to ACME Traders Pvt Ltd against INV-2114 · Raw material purchase
07-Sep-2026,Payment,PV-09-0469,Google Cloud India,HDFC Bank A/c 4521,,55210.60,6200 Cloud & Software,Payment to Google Cloud India · Workspace & GCP
07-Sep-2026,Payment,PV-09-0470,ACME Traders Pvt Ltd,HDFC Bank A/c 4521,,81750.00,5010 Raw Materials,Payment to ACME Traders Pvt Ltd · Raw material purchase
07-Sep-2026,Payment,PV-09-0471,Uber India,ICICI Bank A/c 8834,,1390.35,6600 Travel,Payment to Uber India · Local conveyance
07-Sep-2026,Payment,PV-09-0472,Delhivery Ltd,HDFC Bank A/c 4521,,51130.00,6500 Logistics,Payment to Delhivery Ltd · Freight
07-Sep-2026,Payment,PV-09-0473,Office Mart Supplies,ICICI Bank A/c 8834,,10650.00,6800 Office Supplies,Payment to Office Mart Supplies · Stationery
07-Sep-2026,Payment,PV-09-0474,Blue Dart Express,HDFC Bank A/c 4521,,32380.00,6500 Logistics,Payment to Blue Dart Express · Courier charges
07-Sep-2026,Payment,PV-09-0476,Office Mart Supplies,HDFC Bank A/c 4521,,6587.00,6800 Office Supplies,Payment to Office Mart Supplies · Stationery
07-Sep-2026,Payment,PV-09-0478,Uber India,HDFC Bank A/c 4521,,896.36,6600 Travel,Payment to Uber India · Local conveyance
07-Sep-2026,Payment,PV-09-0479,Zoho Corporation,HDFC Bank A/c 4521,,24400.00,6200 Cloud & Software,Payment to Zoho Corporation · Zoho One subscription
07-Sep-2026,Payment,PV-09-0481,Zoho Corporation,HDFC Bank A/c 4521,,21720.00,6200 Cloud & Software,Payment to Zoho Corporation · Zoho One subscription
07-Sep-2026,Payment,PV-09-0482,MakeMyTrip India,ICICI Bank A/c 8834,,40280.00,6600 Travel,Payment to MakeMyTrip India · Business travel
07-Sep-2026,Payment,PV-09-0484,Reliance Jio Infocomm,ICICI Bank A/c 8834,,12921.00,6400 Telecom,Payment to Reliance Jio Infocomm · Postpaid & leased line
07-Sep-2026,Receipt,RV-09-0475,Flipkart Internet Pvt Ltd,HDFC Bank A/c 4521,362570.00,,4000 Revenue — Sales,Receipt from Flipkart Internet Pvt Ltd · Customer receipt
07-Sep-2026,Receipt,RV-09-0477,Razorpay Software,ICICI Bank A/c 8834,94400.30,,4010 Revenue — Online,Receipt from Razorpay Software · Gateway settlement
07-Sep-2026,Receipt,RV-09-0480,Flipkart Internet Pvt Ltd,ICICI Bank A/c 8834,593860.00,,4000 Revenue — Sales,Receipt from Flipkart Internet Pvt Ltd · Customer receipt
07-Sep-2026,Receipt,RV-09-0483,Tata Motors Ltd,HDFC Bank A/c 4521,367480.00,,4000 Revenue — Sales,Receipt from Tata Motors Ltd · Customer receipt
08-Sep-2026,Payment,INV-2115,Delhivery Ltd,ICICI Bank A/c 8834,,49660.00,6500 Logistics,Payment to Delhivery Ltd against INV-2115 · Freight
08-Sep-2026,Payment,INV-2116,ACME Traders Pvt Ltd,ICICI Bank A/c 8834,,57830.00,5010 Raw Materials,Payment to ACME Traders Pvt Ltd against INV-2116 · Raw material purchase
08-Sep-2026,Payment,INV-2117,ACME Traders Pvt Ltd,HDFC Bank A/c 4521,,283410.00,5010 Raw Materials,Payment to ACME Traders Pvt Ltd against INV-2117 · Raw material purchase
08-Sep-2026,Payment,INV-2118,Delhivery Ltd,ICICI Bank A/c 8834,,8510.00,6500 Logistics,Payment to Delhivery Ltd against INV-2118 · Freight
08-Sep-2026,Payment,INV-2119,Delhivery Ltd,ICICI Bank A/c 8834,,48060.00,6500 Logistics,Payment to Delhivery Ltd against INV-2119 · Freight
08-Sep-2026,Payment,INV-2120,Blue Dart Express,HDFC Bank A/c 4521,,31740.00,6500 Logistics,Payment to Blue Dart Express against INV-2120 · Courier charges
08-Sep-2026,Payment,INV-2232,Blue Dart Express,HDFC Bank A/c 4521,,9860.00,6500 Logistics,Payment to Blue Dart Express against INV-2232 · Courier charges
08-Sep-2026,Payment,PV-09-0485,Uber India,ICICI Bank A/c 8834,,907.83,6600 Travel,Payment to Uber India · Local conveyance
08-Sep-2026,Payment,PV-09-0486,MakeMyTrip India,ICICI Bank A/c 8834,,32060.00,6600 Travel,Payment to MakeMyTrip India · Business travel
08-Sep-2026,Payment,PV-09-0487,Swiggy,HDFC Bank A/c 4521,,2611.04,6610 Staff Welfare,Payment to Swiggy · Team meals
08-Sep-2026,Payment,PV-09-0488,Amazon Web Services India,HDFC Bank A/c 4521,,53770.40,6200 Cloud & Software,Payment to Amazon Web Services India · Cloud hosting
08-Sep-2026,Payment,PV-09-0489,Swiggy,HDFC Bank A/c 4521,,688.48,6610 Staff Welfare,Payment to Swiggy · Team meals
08-Sep-2026,Payment,PV-09-0491,Sharma Steel Industries,ICICI Bank A/c 8834,,315260.00,5010 Raw Materials,Payment to Sharma Steel Industries · Steel coils
08-Sep-2026,Payment,PV-09-0492,MakeMyTrip India,ICICI Bank A/c 8834,,41570.00,6600 Travel,Payment to MakeMyTrip India · Business travel
08-Sep-2026,Payment,PV-09-0493,MakeMyTrip India,HDFC Bank A/c 4521,,13562.00,6600 Travel,Payment to MakeMyTrip India · Business travel
08-Sep-2026,Payment,PV-09-0494,Uber India,HDFC Bank A/c 4521,,496.55,6600 Travel,Payment to Uber India · Local conveyance
08-Sep-2026,Payment,PV-09-0495,Reliance Jio Infocomm,HDFC Bank A/c 4521,,10224.00,6400 Telecom,Payment to Reliance Jio Infocomm · Postpaid & leased line
08-Sep-2026,Payment,PV-09-0496,Zoho Corporation,ICICI Bank A/c 8834,,9831.00,6200 Cloud & Software,Payment to Zoho Corporation · Zoho One subscription
08-Sep-2026,Payment,PV-09-0497,MakeMyTrip India,ICICI Bank A/c 8834,,10158.00,6600 Travel,Payment to MakeMyTrip India · Business travel
08-Sep-2026,Payment,PV-09-0498,Uber India,HDFC Bank A/c 4521,,1171.46,6600 Travel,Payment to Uber India · Local conveyance
08-Sep-2026,Payment,PV-09-0499,Swiggy,ICICI Bank A/c 8834,,2535.35,6610 Staff Welfare,Payment to Swiggy · Team meals
08-Sep-2026,Payment,PV-09-0500,Swiggy,HDFC Bank A/c 4521,,3252.81,6610 Staff Welfare,Payment to Swiggy · Team meals
08-Sep-2026,Receipt,RV-09-0490,Razorpay Software,HDFC Bank A/c 4521,54460.66,,4010 Revenue — Online,Receipt from Razorpay Software · Gateway settlement
08-Sep-2026,Receipt,RV-09-0501,Flipkart Internet Pvt Ltd,HDFC Bank A/c 4521,470740.00,,4000 Revenue — Sales,Receipt from Flipkart Internet Pvt Ltd · Customer receipt
09-Sep-2026,Payment,INV-2121,Delhivery Ltd,ICICI Bank A/c 8834,,19439.00,6500 Logistics,Payment to Delhivery Ltd against INV-2121 · Freight
09-Sep-2026,Payment,INV-2122,Blue Dart Express,HDFC Bank A/c 4521,,18256.00,6500 Logistics,Payment to Blue Dart Express against INV-2122 · Courier charges
09-Sep-2026,Payment,INV-2123,Delhivery Ltd,HDFC Bank A/c 4521,,17963.00,6500 Logistics,Payment to Delhivery Ltd against INV-2123 · Freight
09-Sep-2026,Payment,INV-2124,ACME Traders Pvt Ltd,HDFC Bank A/c 4521,,181830.00,5010 Raw Materials,Payment to ACME Traders Pvt Ltd against INV-2124 · Raw material purchase
09-Sep-2026,Payment,INV-2125,Blue Dart Express,ICICI Bank A/c 8834,,30930.00,6500 Logistics,Payment to Blue Dart Express against INV-2125 · Courier charges
09-Sep-2026,Payment,INV-2126,Mahindra Logistics,HDFC Bank A/c 4521,,208260.00,6500 Logistics,Payment to Mahindra Logistics against INV-2126 · Warehousing
09-Sep-2026,Payment,INV-2127,Blue Dart Express,HDFC Bank A/c 4521,,32740.00,6500 Logistics,Payment to Blue Dart Express against INV-2127 · Courier charges
09-Sep-2026,Payment,PV-09-0502,Swiggy,HDFC Bank A/c 4521,,3686.30,6610 Staff Welfare,Payment to Swiggy · Team meals
09-Sep-2026,Payment,PV-09-0503,Delhivery Ltd,ICICI Bank A/c 8834,,34870.00,6500 Logistics,Payment to Delhivery Ltd · Freight
09-Sep-2026,Payment,PV-09-0506,Zoho Corporation,HDFC Bank A/c 4521,,21630.00,6200 Cloud & Software,Payment to Zoho Corporation · Zoho One subscription
09-Sep-2026,Payment,PV-09-0507,MakeMyTrip India,HDFC Bank A/c 4521,,32360.00,6600 Travel,Payment to MakeMyTrip India · Business travel
09-Sep-2026,Payment,PV-09-0509,Delhivery Ltd,HDFC Bank A/c 4521,,6868.00,6500 Logistics,Payment to Delhivery Ltd · Freight
09-Sep-2026,Payment,PV-09-0510,Delhivery Ltd,HDFC Bank A/c 4521,,38330.00,6500 Logistics,Payment to Delhivery Ltd · Freight
09-Sep-2026,Payment,PV-09-0511,Bharti Airtel Ltd,ICICI Bank A/c 8834,,10334.00,6400 Telecom,Payment to Bharti Airtel Ltd · Broadband
09-Sep-2026,Payment,PV-09-0512,Google Cloud India,ICICI Bank A/c 8834,,12835.65,6200 Cloud & Software,Payment to Google Cloud India · Workspace & GCP
09-Sep-2026,Payment,PV-09-0513,Uber India,HDFC Bank A/c 4521,,541.82,6600 Travel,Payment to Uber India · Local conveyance
09-Sep-2026,Payment,PV-09-0514,Uber India,HDFC Bank A/c 4521,,752.25,6600 Travel,Payment to Uber India · Local conveyance
09-Sep-2026,Payment,PV-09-0515,Office Mart Supplies,ICICI Bank A/c 8834,,3398.00,6800 Office Supplies,Payment to Office Mart Supplies · Stationery
09-Sep-2026,Payment,PV-09-0516,MakeMyTrip India,HDFC Bank A/c 4521,,36620.00,6600 Travel,Payment to MakeMyTrip India · Business travel
09-Sep-2026,Payment,PV-09-0518,Uber India,ICICI Bank A/c 8834,,270.88,6600 Travel,Payment to Uber India · Local conveyance
09-Sep-2026,Payment,PV-09-0519,Swiggy,ICICI Bank A/c 8834,,1323.26,6610 Staff Welfare,Payment to Swiggy · Team meals
09-Sep-2026,Payment,PV-09-0520,Swiggy,ICICI Bank A/c 8834,,3806.11,6610 Staff Welfare,Payment to Swiggy · Team meals
09-Sep-2026,Payment,PV-09-0521,Swiggy,HDFC Bank A/c 4521,,1863.48,6610 Staff Welfare,Payment to Swiggy · Team meals
09-Sep-2026,Payment,PV-09-0522,ACME Traders Pvt Ltd,HDFC Bank A/c 4521,,245590.00,5010 Raw Materials,Payment to ACME Traders Pvt Ltd · Raw material purchase
09-Sep-2026,Payment,PV-09-0523,ACME Traders Pvt Ltd,ICICI Bank A/c 8834,,147200.00,5010 Raw Materials,Payment to ACME Traders Pvt Ltd · Raw material purchase
09-Sep-2026,Payment,PV-09-0524,Swiggy,HDFC Bank A/c 4521,,2225.79,6610 Staff Welfare,Payment to Swiggy · Team meals
09-Sep-2026,Payment,PV-09-0525,Reliance Jio Infocomm,HDFC Bank A/c 4521,,6226.00,6400 Telecom,Payment to Reliance Jio Infocomm · Postpaid & leased line
09-Sep-2026,Receipt,RV-09-0504,Larsen & Toubro,ICICI Bank A/c 8834,510650.00,,4000 Revenue — Sales,Receipt from Larsen & Toubro · Customer receipt
09-Sep-2026,Receipt,RV-09-0505,Razorpay Software,HDFC Bank A/c 4521,67990.80,,4010 Revenue — Online,Receipt from Razorpay Software · Gateway settlement
09-Sep-2026,Receipt,RV-09-0508,Flipkart Internet Pvt Ltd,HDFC Bank A/c 4521,554090.00,,4000 Revenue — Sales,Receipt from Flipkart Internet Pvt Ltd · Customer receipt
09-Sep-2026,Receipt,RV-09-0517,Razorpay Software,HDFC Bank A/c 4521,45780.11,,4010 Revenue — Online,Receipt from Razorpay Software · Gateway settlement
10-Sep-2026,Payment,INV-2128,ACME Traders Pvt Ltd,HDFC Bank A/c 4521,,220350.00,5010 Raw Materials,Payment to ACME Traders Pvt Ltd against INV-2128 · Raw material purchase
10-Sep-2026,Payment,INV-2129,Mahindra Logistics,HDFC Bank A/c 4521,,197590.00,6500 Logistics,Payment to Mahindra Logistics against INV-2129 · Warehousing
10-Sep-2026,Payment,INV-2130,Delhivery Ltd,ICICI Bank A/c 8834,,13352.00,6500 Logistics,Payment to Delhivery Ltd against INV-2130 · Freight
10-Sep-2026,Payment,INV-2131,Delhivery Ltd,HDFC Bank A/c 4521,,35120.00,6500 Logistics,Payment to Delhivery Ltd against INV-2131 · Freight
10-Sep-2026,Payment,INV-SS-3400,Sharma Steel Industries,HDFC Bank A/c 4521,,600000.00,5010 Raw Materials,Payment to Sharma Steel Industries against INV-SS-3400 · Steel coils
10-Sep-2026,Payment,PV-09-0526,Bharti Airtel Ltd,HDFC Bank A/c 4521,,8464.00,6400 Telecom,Payment to Bharti Airtel Ltd · Broadband
10-Sep-2026,Payment,PV-09-0527,Reliance Jio Infocomm,HDFC Bank A/c 4521,,4337.00,6400 Telecom,Payment to Reliance Jio Infocomm · Postpaid & leased line
10-Sep-2026,Payment,PV-09-0529,MakeMyTrip India,HDFC Bank A/c 4521,,42410.00,6600 Travel,Payment to MakeMyTrip India · Business travel
10-Sep-2026,Payment,PV-09-0530,Swiggy,HDFC Bank A/c 4521,,1779.03,6610 Staff Welfare,Payment to Swiggy · Team meals
10-Sep-2026,Payment,PV-09-0532,Reliance Jio Infocomm,HDFC Bank A/c 4521,,12089.00,6400 Telecom,Payment to Reliance Jio Infocomm · Postpaid & leased line
10-Sep-2026,Payment,PV-09-0533,Swiggy,HDFC Bank A/c 4521,,3776.72,6610 Staff Welfare,Payment to Swiggy · Team meals
10-Sep-2026,Payment,PV-09-0534,Zoho Corporation,HDFC Bank A/c 4521,,24070.00,6200 Cloud & Software,Payment to Zoho Corporation · Zoho One subscription
10-Sep-2026,Payment,PV-09-0535,Office Mart Supplies,ICICI Bank A/c 8834,,7033.00,6800 Office Supplies,Payment to Office Mart Supplies · Stationery
10-Sep-2026,Payment,PV-09-0536,Office Mart Supplies,ICICI Bank A/c 8834,,1443.00,6800 Office Supplies,Payment to Office Mart Supplies · Stationery
10-Sep-2026,Payment,PV-09-0538,Office Mart Supplies,HDFC Bank A/c 4521,,7640.00,6800 Office Supplies,Payment to Office Mart Supplies · Stationery
10-Sep-2026,Payment,PV-09-0539,Sharma Steel Industries,HDFC Bank A/c 4521,,122060.00,5010 Raw Materials,Payment to Sharma Steel Industries · Steel coils
10-Sep-2026,Payment,PV-09-0540,Zoho Corporation,ICICI Bank A/c 8834,,20230.00,6200 Cloud & Software,Payment to Zoho Corporation · Zoho One subscription
10-Sep-2026,Payment,PV-09-0541,Bharti Airtel Ltd,HDFC Bank A/c 4521,,9827.00,6400 Telecom,Payment to Bharti Airtel Ltd · Broadband
10-Sep-2026,Payment,PV-09-0542,Reliance Jio Infocomm,HDFC Bank A/c 4521,,11874.00,6400 Telecom,Payment to Reliance Jio Infocomm · Postpaid & leased line
10-Sep-2026,Receipt,RV-09-0528,Razorpay Software,HDFC Bank A/c 4521,26950.57,,4010 Revenue — Online,Receipt from Razorpay Software · Gateway settlement
10-Sep-2026,Receipt,RV-09-0531,Flipkart Internet Pvt Ltd,HDFC Bank A/c 4521,547740.00,,4000 Revenue — Sales,Receipt from Flipkart Internet Pvt Ltd · Customer receipt
10-Sep-2026,Receipt,RV-09-0537,Flipkart Internet Pvt Ltd,HDFC Bank A/c 4521,452640.00,,4000 Revenue — Sales,Receipt from Flipkart Internet Pvt Ltd · Customer receipt
11-Sep-2026,Payment,INV-2132,Blue Dart Express,HDFC Bank A/c 4521,,24330.00,6500 Logistics,Payment to Blue Dart Express against INV-2132 · Courier charges
11-Sep-2026,Payment,INV-2133,ACME Traders Pvt Ltd,HDFC Bank A/c 4521,,267670.00,5010 Raw Materials,Payment to ACME Traders Pvt Ltd against INV-2133 · Raw material purchase
11-Sep-2026,Payment,INV-2134,Delhivery Ltd,ICICI Bank A/c 8834,,11704.00,6500 Logistics,Payment to Delhivery Ltd against INV-2134 · Freight
11-Sep-2026,Payment,INV-2135,Delhivery Ltd,HDFC Bank A/c 4521,,13665.00,6500 Logistics,Payment to Delhivery Ltd against INV-2135 · Freight
11-Sep-2026,Payment,INV-2136,ACME Traders Pvt Ltd,HDFC Bank A/c 4521,,160960.00,5010 Raw Materials,Payment to ACME Traders Pvt Ltd against INV-2136 · Raw material purchase
11-Sep-2026,Payment,INV-2137,Sharma Steel Industries,HDFC Bank A/c 4521,,449590.00,5010 Raw Materials,Payment to Sharma Steel Industries against INV-2137 · Steel coils
11-Sep-2026,Payment,INV-2138,Delhivery Ltd,HDFC Bank A/c 4521,,41130.00,6500 Logistics,Payment to Delhivery Ltd against INV-2138 · Freight
11-Sep-2026,Payment,INV-2230,Delhivery Ltd,HDFC Bank A/c 4521,,22815.00,6500 Logistics,Payment to Delhivery Ltd against INV-2230 · Freight
11-Sep-2026,Payment,PV-09-0543,Uber India,ICICI Bank A/c 8834,,473.60,6600 Travel,Payment to Uber India · Local conveyance
11-Sep-2026,Payment,PV-09-0544,Swiggy,ICICI Bank A/c 8834,,1122.51,6610 Staff Welfare,Payment to Swiggy · Team meals
11-Sep-2026,Payment,PV-09-0546,ACME Traders Pvt Ltd,ICICI Bank A/c 8834,,69240.00,5010 Raw Materials,Payment to ACME Traders Pvt Ltd · Raw material purchase
11-Sep-2026,Payment,PV-09-0547,Zoho Corporation,ICICI Bank A/c 8834,,17757.00,6200 Cloud & Software,Payment to Zoho Corporation · Zoho One subscription
11-Sep-2026,Payment,PV-09-0548,MakeMyTrip India,ICICI Bank A/c 8834,,21940.00,6600 Travel,Payment to MakeMyTrip India · Business travel
11-Sep-2026,Payment,PV-09-0549,ACME Traders Pvt Ltd,ICICI Bank A/c 8834,,223460.00,5010 Raw Materials,Payment to ACME Traders Pvt Ltd · Raw material purchase
11-Sep-2026,Payment,PV-09-0550,Zoho Corporation,ICICI Bank A/c 8834,,13806.00,6200 Cloud & Software,Payment to Zoho Corporation · Zoho One subscription
11-Sep-2026,Payment,PV-09-0551,Sharma Steel Industries,ICICI Bank A/c 8834,,240790.00,5010 Raw Materials,Payment to Sharma Steel Industries · Steel coils
11-Sep-2026,Receipt,RV-09-0545,Razorpay Software,HDFC Bank A/c 4521,103040.26,,4010 Revenue — Online,Receipt from Razorpay Software · Gateway settlement
12-Sep-2026,Receipt,INV-2026-1051,Flipkart Internet Pvt Ltd,HDFC Bank A/c 4521,248000.00,,4000 Revenue — Sales,Receipt from Flipkart Internet Pvt Ltd against INV-2026-1051 · Customer receipt
12-Sep-2026,Receipt,INV-2026-1055,Flipkart Internet Pvt Ltd,HDFC Bank A/c 4521,312850.00,,4000 Revenue — Sales,Receipt from Flipkart Internet Pvt Ltd against INV-2026-1055 · Customer receipt
12-Sep-2026,Receipt,INV-2026-1059,Flipkart Internet Pvt Ltd,HDFC Bank A/c 4521,181500.00,,4000 Revenue — Sales,Receipt from Flipkart Internet Pvt Ltd against INV-2026-1059 · Customer receipt
12-Sep-2026,Payment,PV-09-0552,Uber India,HDFC Bank A/c 4521,,1280.82,6600 Travel,Payment to Uber India · Local conveyance
13-Sep-2026,Payment,PV-09-0553,Reliance Jio Infocomm,HDFC Bank A/c 4521,,8677.00,6400 Telecom,Payment to Reliance Jio Infocomm · Postpaid & leased line
14-Sep-2026,Payment,INV-2139,ACME Traders Pvt Ltd,HDFC Bank A/c 4521,,215200.00,5010 Raw Materials,Payment to ACME Traders Pvt Ltd against INV-2139 · Raw material purchase
14-Sep-2026,Payment,INV-2140,Blue Dart Express,HDFC Bank A/c 4521,,39110.00,6500 Logistics,Payment to Blue Dart Express against INV-2140 · Courier charges
14-Sep-2026,Payment,INV-2141,ACME Traders Pvt Ltd,HDFC Bank A/c 4521,,181240.00,5010 Raw Materials,Payment to ACME Traders Pvt Ltd against INV-2141 · Raw material purchase
14-Sep-2026,Payment,INV-2142,ACME Traders Pvt Ltd,HDFC Bank A/c 4521,,94090.00,5010 Raw Materials,Payment to ACME Traders Pvt Ltd against INV-2142 · Raw material purchase
14-Sep-2026,Payment,INV-2143,Mahindra Logistics,HDFC Bank A/c 4521,,92540.00,6500 Logistics,Payment to Mahindra Logistics against INV-2143 · Warehousing
14-Sep-2026,Payment,INV-2144,Blue Dart Express,HDFC Bank A/c 4521,,37440.00,6500 Logistics,Payment to Blue Dart Express against INV-2144 · Courier charges
14-Sep-2026,Payment,INV-2145,Delhivery Ltd,ICICI Bank A/c 8834,,21740.00,6500 Logistics,Payment to Delhivery Ltd against INV-2145 · Freight
14-Sep-2026,Payment,PV-09-0555,BESCOM,ICICI Bank A/c 8834,,59540.23,6300 Utilities,Payment to BESCOM · Electricity
14-Sep-2026,Payment,PV-09-0557,BESCOM,HDFC Bank A/c 4521,,54360.22,6300 Utilities,Payment to BESCOM · Electricity
14-Sep-2026,Payment,PV-09-0558,Office Mart Supplies,HDFC Bank A/c 4521,,6019.00,6800 Office Supplies,Payment to Office Mart Supplies · Stationery
14-Sep-2026,Payment,PV-09-0559,Blue Dart Express,HDFC Bank A/c 4521,,35550.00,6500 Logistics,Payment to Blue Dart Express · Courier charges
14-Sep-2026,Payment,PV-09-0561,MakeMyTrip India,ICICI Bank A/c 8834,,34150.00,6600 Travel,Payment to MakeMyTrip India · Business travel
14-Sep-2026,Payment,PV-09-0562,BESCOM,HDFC Bank A/c 4521,,38020.38,6300 Utilities,Payment to BESCOM · Electricity
14-Sep-2026,Payment,PV-09-0563,Uber India,ICICI Bank A/c 8834,,481.42,6600 Travel,Payment to Uber India · Local conveyance
14-Sep-2026,Payment,PV-09-0565,MakeMyTrip India,HDFC Bank A/c 4521,,36760.00,6600 Travel,Payment to MakeMyTrip India · Business travel
14-Sep-2026,Payment,PV-09-0566,Amazon Web Services India,HDFC Bank A/c 4521,,91650.11,6200 Cloud & Software,Payment to Amazon Web Services India · Cloud hosting
14-Sep-2026,Payment,PV-09-0567,MakeMyTrip India,HDFC Bank A/c 4521,,41550.00,6600 Travel,Payment to MakeMyTrip India · Business travel
14-Sep-2026,Payment,PV-09-0568,Uber India,HDFC Bank A/c 4521,,994.84,6600 Travel,Payment to Uber India · Local conveyance
14-Sep-2026,Payment,PV-09-0569,MakeMyTrip India,ICICI Bank A/c 8834,,31010.00,6600 Travel,Payment to MakeMyTrip India · Business travel
14-Sep-2026,Payment,PV-09-0570,Swiggy,ICICI Bank A/c 8834,,1332.58,6610 Staff Welfare,Payment to Swiggy · Team meals
14-Sep-2026,Payment,PV-09-0571,Uber India,HDFC Bank A/c 4521,,333.76,6600 Travel,Payment to Uber India · Local conveyance
14-Sep-2026,Payment,PV-09-0572,Reliance Jio Infocomm,HDFC Bank A/c 4521,,9638.00,6400 Telecom,Payment to Reliance Jio Infocomm · Postpaid & leased line
14-Sep-2026,Payment,PV-09-0573,Swiggy,HDFC Bank A/c 4521,,3236.47,6610 Staff Welfare,Payment to Swiggy · Team meals
14-Sep-2026,Payment,PV-09-0574,MakeMyTrip India,ICICI Bank A/c 8834,,31340.00,6600 Travel,Payment to MakeMyTrip India · Business travel
14-Sep-2026,Payment,PV-09-0575,Blue Dart Express,HDFC Bank A/c 4521,,23380.00,6500 Logistics,Payment to Blue Dart Express · Courier charges
14-Sep-2026,Payment,PV-09-0576,Bharti Airtel Ltd,ICICI Bank A/c 8834,,11917.00,6400 Telecom,Payment to Bharti Airtel Ltd · Broadband
14-Sep-2026,Payment,PV-09-0577,Uber India,HDFC Bank A/c 4521,,1631.42,6600 Travel,Payment to Uber India · Local conveyance
14-Sep-2026,Receipt,RV-09-0554,Tata Motors Ltd,ICICI Bank A/c 8834,763950.00,,4000 Revenue — Sales,Receipt from Tata Motors Ltd · Customer receipt
14-Sep-2026,Receipt,RV-09-0556,Hindustan Unilever,ICICI Bank A/c 8834,310230.00,,4000 Revenue — Sales,Receipt from Hindustan Unilever · Customer receipt
14-Sep-2026,Receipt,RV-09-0560,Larsen & Toubro,HDFC Bank A/c 4521,653760.00,,4000 Revenue — Sales,Receipt from Larsen & Toubro · Customer receipt
14-Sep-2026,Receipt,RV-09-0564,Razorpay Software,HDFC Bank A/c 4521,80210.44,,4010 Revenue — Online,Receipt from Razorpay Software · Gateway settlement
15-Sep-2026,Payment,INV-2146,Blue Dart Express,ICICI Bank A/c 8834,,5348.00,6500 Logistics,Payment to Blue Dart Express against INV-2146 · Courier charges
15-Sep-2026,Payment,INV-2147,ACME Traders Pvt Ltd,HDFC Bank A/c 4521,,244520.00,5010 Raw Materials,Payment to ACME Traders Pvt Ltd against INV-2147 · Raw material purchase
15-Sep-2026,Payment,INV-2148,Blue Dart Express,HDFC Bank A/c 4521,,10072.00,6500 Logistics,Payment to Blue Dart Express against INV-2148 · Courier charges
15-Sep-2026,Payment,INV-2149,ACME Traders Pvt Ltd,HDFC Bank A/c 4521,,115900.00,5010 Raw Materials,Payment to ACME Traders Pvt Ltd against INV-2149 · Raw material purchase
15-Sep-2026,Payment,INV-2150,Delhivery Ltd,ICICI Bank A/c 8834,,30060.00,6500 Logistics,Payment to Delhivery Ltd against INV-2150 · Freight
15-Sep-2026,Payment,INV-2151,Delhivery Ltd,HDFC Bank A/c 4521,,37440.00,6500 Logistics,Payment to Delhivery Ltd against INV-2151 · Freight
15-Sep-2026,Payment,INV-2152,Sharma Steel Industries,HDFC Bank A/c 4521,,417430.00,5010 Raw Materials,Payment to Sharma Steel Industries against INV-2152 · Steel coils
15-Sep-2026,Payment,INV-2153,ACME Traders Pvt Ltd,HDFC Bank A/c 4521,,257810.00,5010 Raw Materials,Payment to ACME Traders Pvt Ltd against INV-2153 · Raw material purchase
15-Sep-2026,Payment,INV-2231,Mahindra Logistics,HDFC Bank A/c 4521,,150000.00,6500 Logistics,Payment to Mahindra Logistics against INV-2231 · Warehousing
15-Sep-2026,Payment,PV-09-0578,Uber India,HDFC Bank A/c 4521,,1798.26,6600 Travel,Payment to Uber India · Local conveyance
15-Sep-2026,Payment,PV-09-0580,Swiggy,HDFC Bank A/c 4521,,943.08,6610 Staff Welfare,Payment to Swiggy · Team meals
15-Sep-2026,Payment,PV-09-0582,MakeMyTrip India,HDFC Bank A/c 4521,,29060.00,6600 Travel,Payment to MakeMyTrip India · Business travel
15-Sep-2026,Payment,PV-09-0583,Swiggy,ICICI Bank A/c 8834,,1430.98,6610 Staff Welfare,Payment to Swiggy · Team meals
15-Sep-2026,Payment,PV-09-0584,MakeMyTrip India,HDFC Bank A/c 4521,,23380.00,6600 Travel,Payment to MakeMyTrip India · Business travel
15-Sep-2026,Payment,PV-09-0587,Swiggy,HDFC Bank A/c 4521,,1295.15,6610 Staff Welfare,Payment to Swiggy · Team meals
15-Sep-2026,Receipt,RV-09-0579,Hindustan Unilever,ICICI Bank A/c 8834,461700.00,,4000 Revenue — Sales,Receipt from Hindustan Unilever · Customer receipt
15-Sep-2026,Receipt,RV-09-0581,Razorpay Software,HDFC Bank A/c 4521,52950.35,,4010 Revenue — Online,Receipt from Razorpay Software · Gateway settlement
15-Sep-2026,Receipt,RV-09-0585,Larsen & Toubro,ICICI Bank A/c 8834,365280.00,,4000 Revenue — Sales,Receipt from Larsen & Toubro · Customer receipt
15-Sep-2026,Receipt,RV-09-0586,Larsen & Toubro,HDFC Bank A/c 4521,486840.00,,4000 Revenue — Sales,Receipt from Larsen & Toubro · Customer receipt
16-Sep-2026,Payment,INV-2154,ACME Traders Pvt Ltd,ICICI Bank A/c 8834,,282360.00,5010 Raw Materials,Payment to ACME Traders Pvt Ltd against INV-2154 · Raw material purchase
16-Sep-2026,Payment,INV-2155,Mahindra Logistics,ICICI Bank A/c 8834,,183380.00,6500 Logistics,Payment to Mahindra Logistics against INV-2155 · Warehousing
16-Sep-2026,Payment,INV-2156,Delhivery Ltd,HDFC Bank A/c 4521,,48550.00,6500 Logistics,Payment to Delhivery Ltd against INV-2156 · Freight
16-Sep-2026,Payment,INV-2157,Mahindra Logistics,HDFC Bank A/c 4521,,112800.00,6500 Logistics,Payment to Mahindra Logistics against INV-2157 · Warehousing
16-Sep-2026,Payment,INV-2158,Sharma Steel Industries,HDFC Bank A/c 4521,,353500.00,5010 Raw Materials,Payment to Sharma Steel Industries against INV-2158 · Steel coils
16-Sep-2026,Payment,INV-2159,ACME Traders Pvt Ltd,HDFC Bank A/c 4521,,200930.00,5010 Raw Materials,Payment to ACME Traders Pvt Ltd against INV-2159 · Raw material purchase
16-Sep-2026,Payment,PV-09-0588,MakeMyTrip India,ICICI Bank A/c 8834,,9085.00,6600 Travel,Payment to MakeMyTrip India · Business travel
16-Sep-2026,Payment,PV-09-0592,Khaitan & Co,HDFC Bank A/c 4521,,109370.00,6700 Professional Fees,Payment to Khaitan & Co · Legal retainer
16-Sep-2026,Payment,PV-09-0595,Uber India,ICICI Bank A/c 8834,,1693.18,6600 Travel,Payment to Uber India · Local conveyance
16-Sep-2026,Payment,PV-09-0596,Swiggy,HDFC Bank A/c 4521,,2666.16,6610 Staff Welfare,Payment to Swiggy · Team meals
16-Sep-2026,Payment,PV-09-0597,Bharti Airtel Ltd,ICICI Bank A/c 8834,,6422.00,6400 Telecom,Payment to Bharti Airtel Ltd · Broadband
16-Sep-2026,Payment,PV-09-0598,Swiggy,HDFC Bank A/c 4521,,1491.10,6610 Staff Welfare,Payment to Swiggy · Team meals
16-Sep-2026,Payment,PV-09-0599,Uber India,HDFC Bank A/c 4521,,439.39,6600 Travel,Payment to Uber India · Local conveyance
16-Sep-2026,Payment,PV-09-0600,Office Mart Supplies,HDFC Bank A/c 4521,,6725.00,6800 Office Supplies,Payment to Office Mart Supplies · Stationery
16-Sep-2026,Payment,PV-09-0601,Swiggy,ICICI Bank A/c 8834,,1905.34,6610 Staff Welfare,Payment to Swiggy · Team meals
16-Sep-2026,Payment,PV-09-0602,Zoho Corporation,ICICI Bank A/c 8834,,13313.00,6200 Cloud & Software,Payment to Zoho Corporation · Zoho One subscription
16-Sep-2026,Payment,PV-09-0604,Sharma Steel Industries,HDFC Bank A/c 4521,,196940.00,5010 Raw Materials,Payment to Sharma Steel Industries · Steel coils
16-Sep-2026,Payment,PV-09-0605,Uber India,ICICI Bank A/c 8834,,1540.80,6600 Travel,Payment to Uber India · Local conveyance
16-Sep-2026,Receipt,RV-09-0589,Razorpay Software,HDFC Bank A/c 4521,120500.87,,4010 Revenue — Online,Receipt from Razorpay Software · Gateway settlement
16-Sep-2026,Receipt,RV-09-0590,Razorpay Software,HDFC Bank A/c 4521,49010.95,,4010 Revenue — Online,Receipt from Razorpay Software · Gateway settlement
16-Sep-2026,Receipt,RV-09-0591,Razorpay Software,HDFC Bank A/c 4521,92320.42,,4010 Revenue — Online,Receipt from Razorpay Software · Gateway settlement
16-Sep-2026,Receipt,RV-09-0593,Asian Paints Ltd,HDFC Bank A/c 4521,348420.00,,4000 Revenue — Sales,Receipt from Asian Paints Ltd · Customer receipt
16-Sep-2026,Receipt,RV-09-0594,Hindustan Unilever,HDFC Bank A/c 4521,611870.00,,4000 Revenue — Sales,Receipt from Hindustan Unilever · Customer receipt
16-Sep-2026,Receipt,RV-09-0603,Razorpay Software,HDFC Bank A/c 4521,98210.34,,4010 Revenue — Online,Receipt from Razorpay Software · Gateway settlement
16-Sep-2026,Receipt,RV-09-0606,Razorpay Software,HDFC Bank A/c 4521,30610.85,,4010 Revenue — Online,Receipt from Razorpay Software · Gateway settlement
17-Sep-2026,Payment,INV-2160,Delhivery Ltd,HDFC Bank A/c 4521,,34150.00,6500 Logistics,Payment to Delhivery Ltd against INV-2160 · Freight
17-Sep-2026,Payment,INV-2161,ACME Traders Pvt Ltd,HDFC Bank A/c 4521,,57800.00,5010 Raw Materials,Payment to ACME Traders Pvt Ltd against INV-2161 · Raw material purchase
17-Sep-2026,Payment,INV-2162,ACME Traders Pvt Ltd,HDFC Bank A/c 4521,,176560.00,5010 Raw Materials,Payment to ACME Traders Pvt Ltd against INV-2162 · Raw material purchase
17-Sep-2026,Payment,PV-09-0607,Sharma Steel Industries,ICICI Bank A/c 8834,,420890.00,5010 Raw Materials,Payment to Sharma Steel Industries · Steel coils
17-Sep-2026,Payment,PV-09-0608,MakeMyTrip India,ICICI Bank A/c 8834,,18669.00,6600 Travel,Payment to MakeMyTrip India · Business travel
17-Sep-2026,Payment,PV-09-0609,Uber India,HDFC Bank A/c 4521,,1333.50,6600 Travel,Payment to Uber India · Local conveyance
17-Sep-2026,Payment,PV-09-0610,MakeMyTrip India,HDFC Bank A/c 4521,,30660.00,6600 Travel,Payment to MakeMyTrip India · Business travel
17-Sep-2026,Payment,PV-09-0613,Uber India,ICICI Bank A/c 8834,,330.42,6600 Travel,Payment to Uber India · Local conveyance
17-Sep-2026,Payment,PV-09-0614,Khaitan & Co,ICICI Bank A/c 8834,,132140.00,6700 Professional Fees,Payment to Khaitan & Co · Legal retainer
17-Sep-2026,Payment,PV-09-0615,MakeMyTrip India,ICICI Bank A/c 8834,,22410.00,6600 Travel,Payment to MakeMyTrip India · Business travel
17-Sep-2026,Payment,PV-09-0616,Blue Dart Express,ICICI Bank A/c 8834,,33550.00,6500 Logistics,Payment to Blue Dart Express · Courier charges
17-Sep-2026,Payment,PV-09-0619,Zoho Corporation,HDFC Bank A/c 4521,,15209.00,6200 Cloud & Software,Payment to Zoho Corporation · Zoho One subscription
17-Sep-2026,Payment,PV-09-0620,Swiggy,HDFC Bank A/c 4521,,2238.80,6610 Staff Welfare,Payment to Swiggy · Team meals
17-Sep-2026,Payment,PV-09-0622,Uber India,ICICI Bank A/c 8834,,1735.06,6600 Travel,Payment to Uber India · Local conveyance
17-Sep-2026,Payment,PV-09-0623,MakeMyTrip India,ICICI Bank A/c 8834,,5810.00,6600 Travel,Payment to MakeMyTrip India · Business travel
17-Sep-2026,Payment,PV-09-0624,Swiggy,ICICI Bank A/c 8834,,3169.02,6610 Staff Welfare,Payment to Swiggy · Team meals
17-Sep-2026,Payment,PV-09-0625,Reliance Jio Infocomm,ICICI Bank A/c 8834,,6368.00,6400 Telecom,Payment to Reliance Jio Infocomm · Postpaid & leased line
17-Sep-2026,Payment,PV-09-0626,Swiggy,HDFC Bank A/c 4521,,452.30,6610 Staff Welfare,Payment to Swiggy · Team meals
17-Sep-2026,Payment,PV-09-0627,Uber India,HDFC Bank A/c 4521,,1122.50,6600 Travel,Payment to Uber India · Local conveyance
17-Sep-2026,Payment,PV-09-0628,BESCOM,HDFC Bank A/c 4521,,23030.87,6300 Utilities,Payment to BESCOM · Electricity
17-Sep-2026,Receipt,RV-09-0611,Razorpay Software,HDFC Bank A/c 4521,128520.83,,4010 Revenue — Online,Receipt from Razorpay Software · Gateway settlement
17-Sep-2026,Receipt,RV-09-0612,Asian Paints Ltd,HDFC Bank A/c 4521,320540.00,,4000 Revenue — Sales,Receipt from Asian Paints Ltd · Customer receipt
17-Sep-2026,Receipt,RV-09-0617,Razorpay Software,HDFC Bank A/c 4521,61480.92,,4010 Revenue — Online,Receipt from Razorpay Software · Gateway settlement
17-Sep-2026,Receipt,RV-09-0618,Razorpay Software,HDFC Bank A/c 4521,102820.28,,4010 Revenue — Online,Receipt from Razorpay Software · Gateway settlement
17-Sep-2026,Receipt,RV-09-0621,Hindustan Unilever,HDFC Bank A/c 4521,535710.00,,4000 Revenue — Sales,Receipt from Hindustan Unilever · Customer receipt
17-Sep-2026,Receipt,RV-09-0629,Razorpay Software,HDFC Bank A/c 4521,111050.90,,4010 Revenue — Online,Receipt from Razorpay Software · Gateway settlement
18-Sep-2026,Payment,INV-2163,ACME Traders Pvt Ltd,ICICI Bank A/c 8834,,44310.00,5010 Raw Materials,Payment to ACME Traders Pvt Ltd against INV-2163 · Raw material purchase
18-Sep-2026,Payment,INV-2164,ACME Traders Pvt Ltd,HDFC Bank A/c 4521,,274190.00,5010 Raw Materials,Payment to ACME Traders Pvt Ltd against INV-2164 · Raw material purchase
18-Sep-2026,Payment,INV-2165,ACME Traders Pvt Ltd,ICICI Bank A/c 8834,,279680.00,5010 Raw Materials,Payment to ACME Traders Pvt Ltd against INV-2165 · Raw material purchase
18-Sep-2026,Payment,INV-2166,Delhivery Ltd,ICICI Bank A/c 8834,,40710.00,6500 Logistics,Payment to Delhivery Ltd against INV-2166 · Freight
18-Sep-2026,Payment,INV-2167,ACME Traders Pvt Ltd,HDFC Bank A/c 4521,,142480.00,5010 Raw Materials,Payment to ACME Traders Pvt Ltd against INV-2167 · Raw material purchase
18-Sep-2026,Payment,INV-2168,Mahindra Logistics,ICICI Bank A/c 8834,,136780.00,6500 Logistics,Payment to Mahindra Logistics against INV-2168 · Warehousing
18-Sep-2026,Payment,PV-09-0630,Reliance Jio Infocomm,HDFC Bank A/c 4521,,12955.00,6400 Telecom,Payment to Reliance Jio Infocomm · Postpaid & leased line
18-Sep-2026,Payment,PV-09-0632,Uber India,ICICI Bank A/c 8834,,1539.46,6600 Travel,Payment to Uber India · Local conveyance
18-Sep-2026,Payment,PV-09-0633,Swiggy,HDFC Bank A/c 4521,,2585.80,6610 Staff Welfare,Payment to Swiggy · Team meals
18-Sep-2026,Payment,PV-09-0635,Office Mart Supplies,HDFC Bank A/c 4521,,3406.00,6800 Office Supplies,Payment to Office Mart Supplies · Stationery
18-Sep-2026,Payment,PV-09-0636,Uber India,HDFC Bank A/c 4521,,1318.63,6600 Travel,Payment to Uber India · Local conveyance
18-Sep-2026,Payment,PV-09-0637,MakeMyTrip India,ICICI Bank A/c 8834,,18728.00,6600 Travel,Payment to MakeMyTrip India · Business travel
18-Sep-2026,Payment,PV-09-0638,Swiggy,ICICI Bank A/c 8834,,2193.75,6610 Staff Welfare,Payment to Swiggy · Team meals
18-Sep-2026,Payment,PV-09-0639,Amazon Web Services India,ICICI Bank A/c 8834,,76230.97,6200 Cloud & Software,Payment to Amazon Web Services India · Cloud hosting
18-Sep-2026,Payment,PV-09-0640,Swiggy,HDFC Bank A/c 4521,,1913.06,6610 Staff Welfare,Payment to Swiggy · Team meals
18-Sep-2026,Payment,PV-09-0641,Reliance Jio Infocomm,ICICI Bank A/c 8834,,4896.00,6400 Telecom,Payment to Reliance Jio Infocomm · Postpaid & leased line
18-Sep-2026,Payment,PV-09-0643,Uber India,ICICI Bank A/c 8834,,329.88,6600 Travel,Payment to Uber India · Local conveyance
18-Sep-2026,Payment,PV-09-0644,Swiggy,HDFC Bank A/c 4521,,2880.96,6610 Staff Welfare,Payment to Swiggy · Team meals
18-Sep-2026,Receipt,RV-09-0631,Tata Motors Ltd,ICICI Bank A/c 8834,1100100.00,,4000 Revenue — Sales,Receipt from Tata Motors Ltd · Customer receipt
18-Sep-2026,Receipt,RV-09-0634,Asian Paints Ltd,HDFC Bank A/c 4521,363080.00,,4000 Revenue — Sales,Receipt from Asian Paints Ltd · Customer receipt
18-Sep-2026,Receipt,RV-09-0642,Larsen & Toubro,HDFC Bank A/c 4521,762100.00,,4000 Revenue — Sales,Receipt from Larsen & Toubro · Customer receipt
19-Sep-2026,Payment,INV-2169,ACME Traders Pvt Ltd,HDFC Bank A/c 4521,,203650.00,5010 Raw Materials,Payment to ACME Traders Pvt Ltd against INV-2169 · Raw material purchase
19-Sep-2026,Payment,PV-09-0645,BESCOM,ICICI Bank A/c 8834,,38000.28,6300 Utilities,Payment to BESCOM · Electricity
19-Sep-2026,Receipt,RV-09-0823,Larsen & Toubro,HDFC Bank A/c 4521,295000.00,,4000 Revenue — Sales,Receipt from Larsen & Toubro · Customer receipt
20-Sep-2026,Payment,PV-09-0646,Swiggy,HDFC Bank A/c 4521,,1691.13,6610 Staff Welfare,Payment to Swiggy · Team meals
21-Sep-2026,Payment,INV-2170,Delhivery Ltd,HDFC Bank A/c 4521,,20910.00,6500 Logistics,Payment to Delhivery Ltd against INV-2170 · Freight
21-Sep-2026,Payment,INV-2171,Delhivery Ltd,ICICI Bank A/c 8834,,38980.00,6500 Logistics,Payment to Delhivery Ltd against INV-2171 · Freight
21-Sep-2026,Payment,INV-2172,Delhivery Ltd,HDFC Bank A/c 4521,,13788.00,6500 Logistics,Payment to Delhivery Ltd against INV-2172 · Freight
21-Sep-2026,Payment,INV-2173,Blue Dart Express,ICICI Bank A/c 8834,,10271.00,6500 Logistics,Payment to Blue Dart Express against INV-2173 · Courier charges
21-Sep-2026,Payment,INV-2174,ACME Traders Pvt Ltd,ICICI Bank A/c 8834,,182650.00,5010 Raw Materials,Payment to ACME Traders Pvt Ltd against INV-2174 · Raw material purchase
21-Sep-2026,Payment,INV-2229,Quess Corp,HDFC Bank A/c 4521,,186400.00,7200 Contract Staff,Payment to Quess Corp against INV-2229 · Contract staffing
21-Sep-2026,Payment,PV-09-0647,Uber India,HDFC Bank A/c 4521,,1329.85,6600 Travel,Payment to Uber India · Local conveyance
21-Sep-2026,Payment,PV-09-0648,MakeMyTrip India,HDFC Bank A/c 4521,,36780.00,6600 Travel,Payment to MakeMyTrip India · Business travel
21-Sep-2026,Payment,PV-09-0649,Google Cloud India,HDFC Bank A/c 4521,,13205.40,6200 Cloud & Software,Payment to Google Cloud India · Workspace & GCP
21-Sep-2026,Payment,PV-09-0650,Uber India,ICICI Bank A/c 8834,,431.75,6600 Travel,Payment to Uber India · Local conveyance
21-Sep-2026,Payment,PV-09-0651,Reliance Jio Infocomm,ICICI Bank A/c 8834,,9552.00,6400 Telecom,Payment to Reliance Jio Infocomm · Postpaid & leased line
21-Sep-2026,Payment,PV-09-0652,Amazon Web Services India,ICICI Bank A/c 8834,,107150.78,6200 Cloud & Software,Payment to Amazon Web Services India · Cloud hosting
21-Sep-2026,Payment,PV-09-0653,Bharti Airtel Ltd,HDFC Bank A/c 4521,,11379.00,6400 Telecom,Payment to Bharti Airtel Ltd · Broadband
21-Sep-2026,Payment,PV-09-0654,BESCOM,HDFC Bank A/c 4521,,43520.50,6300 Utilities,Payment to BESCOM · Electricity
21-Sep-2026,Payment,PV-09-0655,Uber India,ICICI Bank A/c 8834,,746.77,6600 Travel,Payment to Uber India · Local conveyance
21-Sep-2026,Payment,PV-09-0656,Reliance Jio Infocomm,HDFC Bank A/c 4521,,9020.00,6400 Telecom,Payment to Reliance Jio Infocomm · Postpaid & leased line
21-Sep-2026,Payment,PV-09-0660,BESCOM,HDFC Bank A/c 4521,,38350.10,6300 Utilities,Payment to BESCOM · Electricity
21-Sep-2026,Payment,PV-09-0661,Reliance Jio Infocomm,HDFC Bank A/c 4521,,3495.00,6400 Telecom,Payment to Reliance Jio Infocomm · Postpaid & leased line
21-Sep-2026,Receipt,RV-09-0657,Razorpay Software,HDFC Bank A/c 4521,136710.63,,4010 Revenue — Online,Receipt from Razorpay Software · Gateway settlement
21-Sep-2026,Receipt,RV-09-0658,Tata Motors Ltd,ICICI Bank A/c 8834,781770.00,,4000 Revenue — Sales,Receipt from Tata Motors Ltd · Customer receipt
21-Sep-2026,Receipt,RV-09-0659,Flipkart Internet Pvt Ltd,HDFC Bank A/c 4521,484880.00,,4000 Revenue — Sales,Receipt from Flipkart Internet Pvt Ltd · Customer receipt
22-Sep-2026,Payment,INV-2175,Blue Dart Express,HDFC Bank A/c 4521,,20720.00,6500 Logistics,Payment to Blue Dart Express against INV-2175 · Courier charges
22-Sep-2026,Payment,INV-2176,ACME Traders Pvt Ltd,HDFC Bank A/c 4521,,51090.00,5010 Raw Materials,Payment to ACME Traders Pvt Ltd against INV-2176 · Raw material purchase
22-Sep-2026,Payment,INV-2177,Mahindra Logistics,HDFC Bank A/c 4521,,62530.00,6500 Logistics,Payment to Mahindra Logistics against INV-2177 · Warehousing
22-Sep-2026,Payment,INV-2178,ACME Traders Pvt Ltd,HDFC Bank A/c 4521,,176610.00,5010 Raw Materials,Payment to ACME Traders Pvt Ltd against INV-2178 · Raw material purchase
22-Sep-2026,Payment,INV-2179,Delhivery Ltd,HDFC Bank A/c 4521,,53770.00,6500 Logistics,Payment to Delhivery Ltd against INV-2179 · Freight
22-Sep-2026,Payment,INV-2180,Delhivery Ltd,HDFC Bank A/c 4521,,38100.00,6500 Logistics,Payment to Delhivery Ltd against INV-2180 · Freight
22-Sep-2026,Payment,INV-2181,Sharma Steel Industries,HDFC Bank A/c 4521,,251170.00,5010 Raw Materials,Payment to Sharma Steel Industries against INV-2181 · Steel coils
22-Sep-2026,Payment,PV-09-0662,ACME Traders Pvt Ltd,ICICI Bank A/c 8834,,114740.00,5010 Raw Materials,Payment to ACME Traders Pvt Ltd · Raw material purchase
22-Sep-2026,Payment,PV-09-0664,Uber India,HDFC Bank A/c 4521,,1692.79,6600 Travel,Payment to Uber India · Local conveyance
22-Sep-2026,Payment,PV-09-0665,Bharti Airtel Ltd,HDFC Bank A/c 4521,,3739.00,6400 Telecom,Payment to Bharti Airtel Ltd · Broadband
22-Sep-2026,Payment,PV-09-0666,Uber India,ICICI Bank A/c 8834,,1020.57,6600 Travel,Payment to Uber India · Local conveyance
22-Sep-2026,Payment,PV-09-0667,Swiggy,HDFC Bank A/c 4521,,1262.85,6610 Staff Welfare,Payment to Swiggy · Team meals
22-Sep-2026,Payment,PV-09-0669,Zoho Corporation,ICICI Bank A/c 8834,,13673.00,6200 Cloud & Software,Payment to Zoho Corporation · Zoho One subscription
22-Sep-2026,Payment,PV-09-0671,Google Cloud India,ICICI Bank A/c 8834,,20700.64,6200 Cloud & Software,Payment to Google Cloud India · Workspace & GCP
22-Sep-2026,Payment,PV-09-0672,Blue Dart Express,ICICI Bank A/c 8834,,15827.00,6500 Logistics,Payment to Blue Dart Express · Courier charges
22-Sep-2026,Payment,PV-09-0673,Delhivery Ltd,HDFC Bank A/c 4521,,48660.00,6500 Logistics,Payment to Delhivery Ltd · Freight
22-Sep-2026,Payment,PV-09-0674,Delhivery Ltd,HDFC Bank A/c 4521,,20580.00,6500 Logistics,Payment to Delhivery Ltd · Freight
22-Sep-2026,Payment,PV-09-0675,Swiggy,ICICI Bank A/c 8834,,3901.55,6610 Staff Welfare,Payment to Swiggy · Team meals
22-Sep-2026,Payment,PV-09-0676,Uber India,ICICI Bank A/c 8834,,1102.64,6600 Travel,Payment to Uber India · Local conveyance
22-Sep-2026,Payment,PV-09-0677,Uber India,HDFC Bank A/c 4521,,1529.24,6600 Travel,Payment to Uber India · Local conveyance
22-Sep-2026,Payment,PV-09-0679,Amazon Web Services India,HDFC Bank A/c 4521,,66260.13,6200 Cloud & Software,Payment to Amazon Web Services India · Cloud hosting
22-Sep-2026,Payment,PV-09-0680,Swiggy,HDFC Bank A/c 4521,,3529.94,6610 Staff Welfare,Payment to Swiggy · Team meals
22-Sep-2026,Payment,PV-09-0682,Uber India,HDFC Bank A/c 4521,,214.55,6600 Travel,Payment to Uber India · Local conveyance
22-Sep-2026,Payment,PV-09-0683,Swiggy,HDFC Bank A/c 4521,,2572.33,6610 Staff Welfare,Payment to Swiggy · Team meals
22-Sep-2026,Payment,PV-09-0685,Swiggy,HDFC Bank A/c 4521,,1781.81,6610 Staff Welfare,Payment to Swiggy · Team meals
22-Sep-2026,Payment,PV-09-0686,ACME Traders Pvt Ltd,HDFC Bank A/c 4521,,140590.00,5010 Raw Materials,Payment to ACME Traders Pvt Ltd · Raw material purchase
22-Sep-2026,Payment,PV-09-0687,BESCOM,HDFC Bank A/c 4521,,42240.68,6300 Utilities,Payment to BESCOM · Electricity
22-Sep-2026,Receipt,RV-09-0663,Asian Paints Ltd,HDFC Bank A/c 4521,393680.00,,4000 Revenue — Sales,Receipt from Asian Paints Ltd · Customer receipt
22-Sep-2026,Receipt,RV-09-0668,Razorpay Software,HDFC Bank A/c 4521,80490.97,,4010 Revenue — Online,Receipt from Razorpay Software · Gateway settlement
22-Sep-2026,Receipt,RV-09-0670,Razorpay Software,HDFC Bank A/c 4521,144640.91,,4010 Revenue — Online,Receipt from Razorpay Software · Gateway settlement
22-Sep-2026,Receipt,RV-09-0678,Larsen & Toubro,HDFC Bank A/c 4521,355870.00,,4000 Revenue — Sales,Receipt from Larsen & Toubro · Customer receipt
22-Sep-2026,Receipt,RV-09-0681,Razorpay Software,HDFC Bank A/c 4521,49130.84,,4010 Revenue — Online,Receipt from Razorpay Software · Gateway settlement
22-Sep-2026,Receipt,RV-09-0684,Razorpay Software,HDFC Bank A/c 4521,102760.82,,4010 Revenue — Online,Receipt from Razorpay Software · Gateway settlement
23-Sep-2026,Payment,INV-2182,Blue Dart Express,HDFC Bank A/c 4521,,14909.00,6500 Logistics,Payment to Blue Dart Express against INV-2182 · Courier charges
23-Sep-2026,Payment,INV-2183,ACME Traders Pvt Ltd,HDFC Bank A/c 4521,,85330.00,5010 Raw Materials,Payment to ACME Traders Pvt Ltd against INV-2183 · Raw material purchase
23-Sep-2026,Payment,INV-2184,Quess Corp,HDFC Bank A/c 4521,,255890.00,7200 Contract Staff,Payment to Quess Corp against INV-2184 · Contract staffing
23-Sep-2026,Payment,INV-2185,Blue Dart Express,HDFC Bank A/c 4521,,25450.00,6500 Logistics,Payment to Blue Dart Express against INV-2185 · Courier charges
23-Sep-2026,Payment,INV-2186,Blue Dart Express,HDFC Bank A/c 4521,,18113.00,6500 Logistics,Payment to Blue Dart Express against INV-2186 · Courier charges
23-Sep-2026,Payment,INV-2187,Delhivery Ltd,HDFC Bank A/c 4521,,42950.00,6500 Logistics,Payment to Delhivery Ltd against INV-2187 · Freight
23-Sep-2026,Payment,INV-2188,Blue Dart Express,HDFC Bank A/c 4521,,12584.00,6500 Logistics,Payment to Blue Dart Express against INV-2188 · Courier charges
23-Sep-2026,Payment,INV-2189,Delhivery Ltd,HDFC Bank A/c 4521,,8967.00,6500 Logistics,Payment to Delhivery Ltd against INV-2189 · Freight
23-Sep-2026,Payment,INV-2190,ACME Traders Pvt Ltd,ICICI Bank A/c 8834,,254700.00,5010 Raw Materials,Payment to ACME Traders Pvt Ltd against INV-2190 · Raw material purchase
23-Sep-2026,Payment,INV-2191,Delhivery Ltd,HDFC Bank A/c 4521,,12466.00,6500 Logistics,Payment to Delhivery Ltd against INV-2191 · Freight
23-Sep-2026,Payment,PV-09-0688,Swiggy,HDFC Bank A/c 4521,,1781.66,6610 Staff Welfare,Payment to Swiggy · Team meals
23-Sep-2026,Payment,PV-09-0690,Office Mart Supplies,HDFC Bank A/c 4521,,7039.00,6800 Office Supplies,Payment to Office Mart Supplies · Stationery
23-Sep-2026,Payment,PV-09-0691,BESCOM,HDFC Bank A/c 4521,,48970.25,6300 Utilities,Payment to BESCOM · Electricity
23-Sep-2026,Payment,PV-09-0692,Blue Dart Express,HDFC Bank A/c 4521,,38890.00,6500 Logistics,Payment to Blue Dart Express · Courier charges
23-Sep-2026,Payment,PV-09-0693,Bharti Airtel Ltd,ICICI Bank A/c 8834,,8310.00,6400 Telecom,Payment to Bharti Airtel Ltd · Broadband
23-Sep-2026,Payment,PV-09-0694,Office Mart Supplies,ICICI Bank A/c 8834,,2992.00,6800 Office Supplies,Payment to Office Mart Supplies · Stationery
23-Sep-2026,Payment,PV-09-0695,Reliance Jio Infocomm,ICICI Bank A/c 8834,,6639.00,6400 Telecom,Payment to Reliance Jio Infocomm · Postpaid & leased line
23-Sep-2026,Payment,PV-09-0696,BESCOM,HDFC Bank A/c 4521,,50030.15,6300 Utilities,Payment to BESCOM · Electricity
23-Sep-2026,Payment,PV-09-0698,Reliance Jio Infocomm,HDFC Bank A/c 4521,,11079.00,6400 Telecom,Payment to Reliance Jio Infocomm · Postpaid & leased line
23-Sep-2026,Payment,PV-09-0699,Uber India,HDFC Bank A/c 4521,,411.87,6600 Travel,Payment to Uber India · Local conveyance
23-Sep-2026,Payment,PV-09-0701,Swiggy,ICICI Bank A/c 8834,,3925.73,6610 Staff Welfare,Payment to Swiggy · Team meals
23-Sep-2026,Payment,PV-09-0702,Uber India,ICICI Bank A/c 8834,,556.17,6600 Travel,Payment to Uber India · Local conveyance
23-Sep-2026,Payment,PV-09-0703,Office Mart Supplies,ICICI Bank A/c 8834,,8118.00,6800 Office Supplies,Payment to Office Mart Supplies · Stationery
23-Sep-2026,Payment,PV-09-0704,ACME Traders Pvt Ltd,ICICI Bank A/c 8834,,175910.00,5010 Raw Materials,Payment to ACME Traders Pvt Ltd · Raw material purchase
23-Sep-2026,Payment,PV-09-0706,Office Mart Supplies,ICICI Bank A/c 8834,,3925.00,6800 Office Supplies,Payment to Office Mart Supplies · Stationery
23-Sep-2026,Payment,PV-09-0708,Uber India,HDFC Bank A/c 4521,,398.14,6600 Travel,Payment to Uber India · Local conveyance
23-Sep-2026,Receipt,RV-09-0689,Tata Motors Ltd,HDFC Bank A/c 4521,708880.00,,4000 Revenue — Sales,Receipt from Tata Motors Ltd · Customer receipt
23-Sep-2026,Receipt,RV-09-0697,Razorpay Software,HDFC Bank A/c 4521,136860.34,,4010 Revenue — Online,Receipt from Razorpay Software · Gateway settlement
23-Sep-2026,Receipt,RV-09-0700,Flipkart Internet Pvt Ltd,ICICI Bank A/c 8834,795410.00,,4000 Revenue — Sales,Receipt from Flipkart Internet Pvt Ltd · Customer receipt
23-Sep-2026,Receipt,RV-09-0705,Razorpay Software,HDFC Bank A/c 4521,106770.92,,4010 Revenue — Online,Receipt from Razorpay Software · Gateway settlement
23-Sep-2026,Receipt,RV-09-0707,Razorpay Software,HDFC Bank A/c 4521,27760.92,,4010 Revenue — Online,Receipt from Razorpay Software · Gateway settlement
23-Sep-2026,Receipt,RV-09-0824,Hindustan Unilever,HDFC Bank A/c 4521,420000.00,,4000 Revenue — Sales,Receipt from Hindustan Unilever · Customer receipt
24-Sep-2026,Payment,INV-2192,ACME Traders Pvt Ltd,HDFC Bank A/c 4521,,247360.00,5010 Raw Materials,Payment to ACME Traders Pvt Ltd against INV-2192 · Raw material purchase
24-Sep-2026,Payment,INV-2193,Sharma Steel Industries,HDFC Bank A/c 4521,,178620.00,5010 Raw Materials,Payment to Sharma Steel Industries against INV-2193 · Steel coils
24-Sep-2026,Payment,INV-2194,ACME Traders Pvt Ltd,ICICI Bank A/c 8834,,220520.00,5010 Raw Materials,Payment to ACME Traders Pvt Ltd against INV-2194 · Raw material purchase
24-Sep-2026,Payment,INV-2195,Mahindra Logistics,HDFC Bank A/c 4521,,235420.00,6500 Logistics,Payment to Mahindra Logistics against INV-2195 · Warehousing
24-Sep-2026,Payment,INV-2196,Blue Dart Express,HDFC Bank A/c 4521,,6249.00,6500 Logistics,Payment to Blue Dart Express against INV-2196 · Courier charges
24-Sep-2026,Payment,INV-2197,Blue Dart Express,ICICI Bank A/c 8834,,33130.00,6500 Logistics,Payment to Blue Dart Express against INV-2197 · Courier charges
24-Sep-2026,Payment,INV-2198,Quess Corp,HDFC Bank A/c 4521,,180200.00,7200 Contract Staff,Payment to Quess Corp against INV-2198 · Contract staffing
24-Sep-2026,Payment,INV-2199,Mahindra Logistics,ICICI Bank A/c 8834,,227430.00,6500 Logistics,Payment to Mahindra Logistics against INV-2199 · Warehousing
24-Sep-2026,Payment,INV-2200,Blue Dart Express,HDFC Bank A/c 4521,,15386.00,6500 Logistics,Payment to Blue Dart Express against INV-2200 · Courier charges
24-Sep-2026,Payment,INV-2201,Blue Dart Express,ICICI Bank A/c 8834,,23730.00,6500 Logistics,Payment to Blue Dart Express against INV-2201 · Courier charges
24-Sep-2026,Payment,PV-09-0709,Swiggy,HDFC Bank A/c 4521,,880.33,6610 Staff Welfare,Payment to Swiggy · Team meals
24-Sep-2026,Payment,PV-09-0711,Mahindra Logistics,HDFC Bank A/c 4521,,194760.00,6500 Logistics,Payment to Mahindra Logistics · Warehousing
24-Sep-2026,Payment,PV-09-0712,Bharti Airtel Ltd,HDFC Bank A/c 4521,,7712.00,6400 Telecom,Payment to Bharti Airtel Ltd · Broadband
24-Sep-2026,Payment,PV-09-0713,Google Cloud India,HDFC Bank A/c 4521,,34500.28,6200 Cloud & Software,Payment to Google Cloud India · Workspace & GCP
24-Sep-2026,Payment,PV-09-0714,Reliance Jio Infocomm,ICICI Bank A/c 8834,,13381.00,6400 Telecom,Payment to Reliance Jio Infocomm · Postpaid & leased line
24-Sep-2026,Payment,PV-09-0715,Uber India,HDFC Bank A/c 4521,,608.52,6600 Travel,Payment to Uber India · Local conveyance
24-Sep-2026,Payment,PV-09-0717,Uber India,HDFC Bank A/c 4521,,1046.63,6600 Travel,Payment to Uber India · Local conveyance
24-Sep-2026,Payment,PV-09-0718,Uber India,HDFC Bank A/c 4521,,1797.10,6600 Travel,Payment to Uber India · Local conveyance
24-Sep-2026,Payment,PV-09-0719,Uber India,HDFC Bank A/c 4521,,601.48,6600 Travel,Payment to Uber India · Local conveyance
24-Sep-2026,Payment,PV-09-0720,Bharti Airtel Ltd,HDFC Bank A/c 4521,,8721.00,6400 Telecom,Payment to Bharti Airtel Ltd · Broadband
24-Sep-2026,Payment,PV-09-0721,Google Cloud India,HDFC Bank A/c 4521,,16695.22,6200 Cloud & Software,Payment to Google Cloud India · Workspace & GCP
24-Sep-2026,Payment,PV-09-0722,Bharti Airtel Ltd,HDFC Bank A/c 4521,,11379.00,6400 Telecom,Payment to Bharti Airtel Ltd · Broadband
24-Sep-2026,Payment,PV-09-0723,ACME Traders Pvt Ltd,HDFC Bank A/c 4521,,193170.00,5010 Raw Materials,Payment to ACME Traders Pvt Ltd · Raw material purchase
24-Sep-2026,Payment,PV-09-0724,Bharti Airtel Ltd,HDFC Bank A/c 4521,,5494.00,6400 Telecom,Payment to Bharti Airtel Ltd · Broadband
24-Sep-2026,Payment,PV-09-0725,Swiggy,ICICI Bank A/c 8834,,3266.40,6610 Staff Welfare,Payment to Swiggy · Team meals
24-Sep-2026,Payment,PV-09-0726,Uber India,ICICI Bank A/c 8834,,1876.38,6600 Travel,Payment to Uber India · Local conveyance
24-Sep-2026,Receipt,RV-09-0710,Hindustan Unilever,HDFC Bank A/c 4521,349920.00,,4000 Revenue — Sales,Receipt from Hindustan Unilever · Customer receipt
24-Sep-2026,Receipt,RV-09-0716,Flipkart Internet Pvt Ltd,HDFC Bank A/c 4521,428490.00,,4000 Revenue — Sales,Receipt from Flipkart Internet Pvt Ltd · Customer receipt
24-Sep-2026,Receipt,RV-09-0727,Asian Paints Ltd,HDFC Bank A/c 4521,482780.00,,4000 Revenue — Sales,Receipt from Asian Paints Ltd · Customer receipt
25-Sep-2026,Payment,INV-2202,ACME Traders Pvt Ltd,HDFC Bank A/c 4521,,83540.00,5010 Raw Materials,Payment to ACME Traders Pvt Ltd against INV-2202 · Raw material purchase
25-Sep-2026,Payment,INV-2203,Blue Dart Express,ICICI Bank A/c 8834,,11016.00,6500 Logistics,Payment to Blue Dart Express against INV-2203 · Courier charges
25-Sep-2026,Payment,INV-2204,Blue Dart Express,HDFC Bank A/c 4521,,15168.00,6500 Logistics,Payment to Blue Dart Express against INV-2204 · Courier charges
25-Sep-2026,Payment,INV-2205,Quess Corp,ICICI Bank A/c 8834,,261500.00,7200 Contract Staff,Payment to Quess Corp against INV-2205 · Contract staffing
25-Sep-2026,Payment,INV-2206,Blue Dart Express,HDFC Bank A/c 4521,,38780.00,6500 Logistics,Payment to Blue Dart Express against INV-2206 · Courier charges
25-Sep-2026,Payment,INV-2207,Delhivery Ltd,ICICI Bank A/c 8834,,9897.00,6500 Logistics,Payment to Delhivery Ltd against INV-2207 · Freight
25-Sep-2026,Payment,INV-2208,Sharma Steel Industries,HDFC Bank A/c 4521,,201110.00,5010 Raw Materials,Payment to Sharma Steel Industries against INV-2208 · Steel coils
25-Sep-2026,Payment,INV-2209,Blue Dart Express,HDFC Bank A/c 4521,,6851.00,6500 Logistics,Payment to Blue Dart Express against INV-2209 · Courier charges
25-Sep-2026,Payment,INV-2210,Sharma Steel Industries,HDFC Bank A/c 4521,,297140.00,5010 Raw Materials,Payment to Sharma Steel Industries against INV-2210 · Steel coils
25-Sep-2026,Payment,INV-2211,Blue Dart Express,HDFC Bank A/c 4521,,16133.00,6500 Logistics,Payment to Blue Dart Express against INV-2211 · Courier charges
25-Sep-2026,Payment,INV-2212,Blue Dart Express,HDFC Bank A/c 4521,,7107.00,6500 Logistics,Payment to Blue Dart Express against INV-2212 · Courier charges
25-Sep-2026,Payment,INV-2213,ACME Traders Pvt Ltd,ICICI Bank A/c 8834,,130540.00,5010 Raw Materials,Payment to ACME Traders Pvt Ltd against INV-2213 · Raw material purchase
25-Sep-2026,Payment,INV-2214,Blue Dart Express,HDFC Bank A/c 4521,,7174.00,6500 Logistics,Payment to Blue Dart Express against INV-2214 · Courier charges
25-Sep-2026,Payment,PV-09-0729,Mahindra Logistics,HDFC Bank A/c 4521,,192020.00,6500 Logistics,Payment to Mahindra Logistics · Warehousing
25-Sep-2026,Payment,PV-09-0730,Reliance Jio Infocomm,HDFC Bank A/c 4521,,13735.00,6400 Telecom,Payment to Reliance Jio Infocomm · Postpaid & leased line
25-Sep-2026,Payment,PV-09-0731,Amazon Web Services India,ICICI Bank A/c 8834,,87900.06,6200 Cloud & Software,Payment to Amazon Web Services India · Cloud hosting
25-Sep-2026,Payment,PV-09-0732,Zoho Corporation,ICICI Bank A/c 8834,,21540.00,6200 Cloud & Software,Payment to Zoho Corporation · Zoho One subscription
25-Sep-2026,Payment,PV-09-0733,Office Mart Supplies,HDFC Bank A/c 4521,,8756.00,6800 Office Supplies,Payment to Office Mart Supplies · Stationery
25-Sep-2026,Payment,PV-09-0734,Swiggy,HDFC Bank A/c 4521,,1265.83,6610 Staff Welfare,Payment to Swiggy · Team meals
25-Sep-2026,Payment,PV-09-0735,BESCOM,ICICI Bank A/c 8834,,44770.70,6300 Utilities,Payment to BESCOM · Electricity
25-Sep-2026,Payment,PV-09-0736,Uber India,ICICI Bank A/c 8834,,1362.71,6600 Travel,Payment to Uber India · Local conveyance
25-Sep-2026,Payment,PV-09-0737,MakeMyTrip India,HDFC Bank A/c 4521,,21300.00,6600 Travel,Payment to MakeMyTrip India · Business travel
25-Sep-2026,Payment,PV-09-0738,Google Cloud India,HDFC Bank A/c 4521,,50460.23,6200 Cloud & Software,Payment to Google Cloud India · Workspace & GCP
25-Sep-2026,Payment,PV-09-0739,Bharti Airtel Ltd,HDFC Bank A/c 4521,,9124.00,6400 Telecom,Payment to Bharti Airtel Ltd · Broadband
25-Sep-2026,Payment,PV-09-0740,BESCOM,HDFC Bank A/c 4521,,42780.58,6300 Utilities,Payment to BESCOM · Electricity
25-Sep-2026,Payment,PV-09-0741,Office Mart Supplies,HDFC Bank A/c 4521,,1494.00,6800 Office Supplies,Payment to Office Mart Supplies · Stationery
25-Sep-2026,Payment,PV-09-0742,MakeMyTrip India,HDFC Bank A/c 4521,,40430.00,6600 Travel,Payment to MakeMyTrip India · Business travel
25-Sep-2026,Payment,PV-09-0743,MakeMyTrip India,HDFC Bank A/c 4521,,5228.00,6600 Travel,Payment to MakeMyTrip India · Business travel
25-Sep-2026,Payment,PV-09-0744,BESCOM,HDFC Bank A/c 4521,,28750.22,6300 Utilities,Payment to BESCOM · Electricity
25-Sep-2026,Payment,PV-09-0745,Swiggy,HDFC Bank A/c 4521,,3238.75,6610 Staff Welfare,Payment to Swiggy · Team meals
25-Sep-2026,Payment,PV-09-0746,BESCOM,ICICI Bank A/c 8834,,49340.54,6300 Utilities,Payment to BESCOM · Electricity
25-Sep-2026,Payment,PV-09-0747,MakeMyTrip India,HDFC Bank A/c 4521,,25240.00,6600 Travel,Payment to MakeMyTrip India · Business travel
25-Sep-2026,Payment,PV-09-0748,Swiggy,HDFC Bank A/c 4521,,406.51,6610 Staff Welfare,Payment to Swiggy · Team meals
25-Sep-2026,Payment,PV-09-0749,Sharma Steel Industries,HDFC Bank A/c 4521,,340460.00,5010 Raw Materials,Payment to Sharma Steel Industries · Steel coils
25-Sep-2026,Receipt,RV-09-0728,Razorpay Software,HDFC Bank A/c 4521,118250.46,,4010 Revenue — Online,Receipt from Razorpay Software · Gateway settlement
26-Sep-2026,Payment,PV-09-0750,Uber India,HDFC Bank A/c 4521,,1898.88,6600 Travel,Payment to Uber India · Local conveyance
26-Sep-2026,Payment,PV-09-0752,MakeMyTrip India,ICICI Bank A/c 8834,,41930.00,6600 Travel,Payment to MakeMyTrip India · Business travel
26-Sep-2026,Payment,PV-09-0753,Delhivery Ltd,HDFC Bank A/c 4521,,12040.00,6500 Logistics,Payment to Delhivery Ltd · Freight
26-Sep-2026,Receipt,RV-09-0751,Razorpay Software,HDFC Bank A/c 4521,95700.74,,4010 Revenue — Online,Receipt from Razorpay Software · Gateway settlement
27-Sep-2026,Payment,PV-09-0754,Bharti Airtel Ltd,HDFC Bank A/c 4521,,4295.00,6400 Telecom,Payment to Bharti Airtel Ltd · Broadband
28-Sep-2026,Payment,INV-2215,ACME Traders Pvt Ltd,HDFC Bank A/c 4521,,270190.00,5010 Raw Materials,Payment to ACME Traders Pvt Ltd against INV-2215 · Raw material purchase
28-Sep-2026,Payment,INV-2216,Sharma Steel Industries,ICICI Bank A/c 8834,,180370.00,5010 Raw Materials,Payment to Sharma Steel Industries against INV-2216 · Steel coils
28-Sep-2026,Payment,INV-2217,Mahindra Logistics,HDFC Bank A/c 4521,,174870.00,6500 Logistics,Payment to Mahindra Logistics against INV-2217 · Warehousing
28-Sep-2026,Payment,PV-09-0755,Uber India,HDFC Bank A/c 4521,,1473.42,6600 Travel,Payment to Uber India · Local conveyance
28-Sep-2026,Payment,PV-09-0756,Uber India,ICICI Bank A/c 8834,,597.83,6600 Travel,Payment to Uber India · Local conveyance
28-Sep-2026,Payment,PV-09-0757,Amazon Web Services India,HDFC Bank A/c 4521,,74850.51,6200 Cloud & Software,Payment to Amazon Web Services India · Cloud hosting
28-Sep-2026,Payment,PV-09-0758,Bharti Airtel Ltd,ICICI Bank A/c 8834,,11965.00,6400 Telecom,Payment to Bharti Airtel Ltd · Broadband
28-Sep-2026,Payment,PV-09-0759,Swiggy,ICICI Bank A/c 8834,,2413.08,6610 Staff Welfare,Payment to Swiggy · Team meals
28-Sep-2026,Payment,PV-09-0760,Bharti Airtel Ltd,HDFC Bank A/c 4521,,8018.00,6400 Telecom,Payment to Bharti Airtel Ltd · Broadband
28-Sep-2026,Payment,PV-09-0761,MakeMyTrip India,HDFC Bank A/c 4521,,14900.00,6600 Travel,Payment to MakeMyTrip India · Business travel
28-Sep-2026,Payment,PV-09-0764,Uber India,HDFC Bank A/c 4521,,1383.75,6600 Travel,Payment to Uber India · Local conveyance
28-Sep-2026,Payment,PV-09-0766,Bharti Airtel Ltd,ICICI Bank A/c 8834,,11509.00,6400 Telecom,Payment to Bharti Airtel Ltd · Broadband
28-Sep-2026,Payment,PV-09-0767,Uber India,HDFC Bank A/c 4521,,933.95,6600 Travel,Payment to Uber India · Local conveyance
28-Sep-2026,Payment,PV-09-0768,Swiggy,ICICI Bank A/c 8834,,2030.70,6610 Staff Welfare,Payment to Swiggy · Team meals
28-Sep-2026,Payment,PV-09-0769,BESCOM,HDFC Bank A/c 4521,,37170.30,6300 Utilities,Payment to BESCOM · Electricity
28-Sep-2026,Payment,PV-09-0770,Google Cloud India,HDFC Bank A/c 4521,,45490.00,6200 Cloud & Software,Payment to Google Cloud India · Workspace & GCP
28-Sep-2026,Receipt,RV-09-0762,Flipkart Internet Pvt Ltd,ICICI Bank A/c 8834,189420.00,,4000 Revenue — Sales,Receipt from Flipkart Internet Pvt Ltd · Customer receipt
28-Sep-2026,Receipt,RV-09-0763,Tata Motors Ltd,HDFC Bank A/c 4521,826340.00,,4000 Revenue — Sales,Receipt from Tata Motors Ltd · Customer receipt
28-Sep-2026,Receipt,RV-09-0765,Razorpay Software,ICICI Bank A/c 8834,39560.46,,4010 Revenue — Online,Receipt from Razorpay Software · Gateway settlement
29-Sep-2026,Payment,INV-2218,Blue Dart Express,HDFC Bank A/c 4521,,11991.00,6500 Logistics,Payment to Blue Dart Express against INV-2218 · Courier charges
29-Sep-2026,Payment,INV-2219,Khaitan & Co,HDFC Bank A/c 4521,,164950.00,6700 Professional Fees,Payment to Khaitan & Co against INV-2219 · Legal retainer
29-Sep-2026,Payment,INV-2220,Delhivery Ltd,HDFC Bank A/c 4521,,49240.00,6500 Logistics,Payment to Delhivery Ltd against INV-2220 · Freight
29-Sep-2026,Payment,INV-2221,ACME Traders Pvt Ltd,HDFC Bank A/c 4521,,147850.00,5010 Raw Materials,Payment to ACME Traders Pvt Ltd against INV-2221 · Raw material purchase
29-Sep-2026,Payment,PV-09-0771,Swiggy,HDFC Bank A/c 4521,,3833.49,6610 Staff Welfare,Payment to Swiggy · Team meals
29-Sep-2026,Payment,PV-09-0772,Swiggy,HDFC Bank A/c 4521,,528.23,6610 Staff Welfare,Payment to Swiggy · Team meals
29-Sep-2026,Payment,PV-09-0773,Uber India,HDFC Bank A/c 4521,,1381.72,6600 Travel,Payment to Uber India · Local conveyance
29-Sep-2026,Payment,PV-09-0774,BESCOM,HDFC Bank A/c 4521,,51130.54,6300 Utilities,Payment to BESCOM · Electricity
29-Sep-2026,Payment,PV-09-0775,Swiggy,HDFC Bank A/c 4521,,1873.84,6610 Staff Welfare,Payment to Swiggy · Team meals
29-Sep-2026,Payment,PV-09-0776,Office Mart Supplies,HDFC Bank A/c 4521,,7801.00,6800 Office Supplies,Payment to Office Mart Supplies · Stationery
29-Sep-2026,Payment,PV-09-0777,Mahindra Logistics,HDFC Bank A/c 4521,,194710.00,6500 Logistics,Payment to Mahindra Logistics · Warehousing
29-Sep-2026,Payment,PV-09-0778,MakeMyTrip India,ICICI Bank A/c 8834,,28080.00,6600 Travel,Payment to MakeMyTrip India · Business travel
29-Sep-2026,Payment,PV-09-0779,Uber India,ICICI Bank A/c 8834,,425.46,6600 Travel,Payment to Uber India · Local conveyance
29-Sep-2026,Payment,PV-09-0780,Office Mart Supplies,HDFC Bank A/c 4521,,8281.00,6800 Office Supplies,Payment to Office Mart Supplies · Stationery
29-Sep-2026,Payment,PV-09-0781,ACME Traders Pvt Ltd,ICICI Bank A/c 8834,,81870.00,5010 Raw Materials,Payment to ACME Traders Pvt Ltd · Raw material purchase
29-Sep-2026,Payment,PV-09-0783,Uber India,HDFC Bank A/c 4521,,1709.35,6600 Travel,Payment to Uber India · Local conveyance
29-Sep-2026,Payment,PV-09-0784,Uber India,HDFC Bank A/c 4521,,1038.59,6600 Travel,Payment to Uber India · Local conveyance
29-Sep-2026,Payment,PV-09-0785,Reliance Jio Infocomm,HDFC Bank A/c 4521,,3951.00,6400 Telecom,Payment to Reliance Jio Infocomm · Postpaid & leased line
29-Sep-2026,Payment,PV-09-0786,Swiggy,HDFC Bank A/c 4521,,3207.36,6610 Staff Welfare,Payment to Swiggy · Team meals
29-Sep-2026,Payment,PV-09-0787,Office Mart Supplies,ICICI Bank A/c 8834,,8535.00,6800 Office Supplies,Payment to Office Mart Supplies · Stationery
29-Sep-2026,Payment,PV-09-0788,MakeMyTrip India,HDFC Bank A/c 4521,,26780.00,6600 Travel,Payment to MakeMyTrip India · Business travel
29-Sep-2026,Payment,PV-09-0789,BESCOM,HDFC Bank A/c 4521,,59620.11,6300 Utilities,Payment to BESCOM · Electricity
29-Sep-2026,Payment,PV-09-0790,Reliance Jio Infocomm,ICICI Bank A/c 8834,,3639.00,6400 Telecom,Payment to Reliance Jio Infocomm · Postpaid & leased line
29-Sep-2026,Payment,PV-09-0792,Uber India,HDFC Bank A/c 4521,,261.41,6600 Travel,Payment to Uber India · Local conveyance
29-Sep-2026,Payment,PV-09-0793,MakeMyTrip India,HDFC Bank A/c 4521,,28950.00,6600 Travel,Payment to MakeMyTrip India · Business travel
29-Sep-2026,Payment,PV-09-0794,Office Mart Supplies,HDFC Bank A/c 4521,,7549.00,6800 Office Supplies,Payment to Office Mart Supplies · Stationery
29-Sep-2026,Payment,PV-09-0828,Sharma Steel Industries,ICICI Bank A/c 8834,,245000.00,5010 Raw Materials,Cheque #004512 issued — Sharma Steel Industries · Steel coils
29-Sep-2026,Receipt,RV-09-0782,Razorpay Software,ICICI Bank A/c 8834,65580.21,,4010 Revenue — Online,Receipt from Razorpay Software · Gateway settlement
29-Sep-2026,Receipt,RV-09-0791,Hindustan Unilever,HDFC Bank A/c 4521,571190.00,,4000 Revenue — Sales,Receipt from Hindustan Unilever · Customer receipt
29-Sep-2026,Receipt,RV-09-0795,Flipkart Internet Pvt Ltd,HDFC Bank A/c 4521,500460.00,,4000 Revenue — Sales,Receipt from Flipkart Internet Pvt Ltd · Customer receipt
30-Sep-2026,Payment,INV-2222,Sharma Steel Industries,HDFC Bank A/c 4521,,244660.00,5010 Raw Materials,Payment to Sharma Steel Industries against INV-2222 · Steel coils
30-Sep-2026,Payment,INV-2223,Mahindra Logistics,HDFC Bank A/c 4521,,99920.00,6500 Logistics,Payment to Mahindra Logistics against INV-2223 · Warehousing
30-Sep-2026,Payment,INV-2224,Blue Dart Express,HDFC Bank A/c 4521,,38380.00,6500 Logistics,Payment to Blue Dart Express against INV-2224 · Courier charges
30-Sep-2026,Payment,INV-2225,ACME Traders Pvt Ltd,HDFC Bank A/c 4521,,257600.00,5010 Raw Materials,Payment to ACME Traders Pvt Ltd against INV-2225 · Raw material purchase
30-Sep-2026,Payment,INV-2226,Delhivery Ltd,ICICI Bank A/c 8834,,53030.00,6500 Logistics,Payment to Delhivery Ltd against INV-2226 · Freight
30-Sep-2026,Payment,INV-2227,Blue Dart Express,ICICI Bank A/c 8834,,36440.00,6500 Logistics,Payment to Blue Dart Express against INV-2227 · Courier charges
30-Sep-2026,Payment,INV-2228,ACME Traders Pvt Ltd,HDFC Bank A/c 4521,,72830.00,5010 Raw Materials,Payment to ACME Traders Pvt Ltd against INV-2228 · Raw material purchase
30-Sep-2026,Payment,PV-09-0796,Office Mart Supplies,HDFC Bank A/c 4521,,9767.00,6800 Office Supplies,Payment to Office Mart Supplies · Stationery
30-Sep-2026,Payment,PV-09-0797,Amazon Web Services India,HDFC Bank A/c 4521,,118010.93,6200 Cloud & Software,Payment to Amazon Web Services India · Cloud hosting
30-Sep-2026,Payment,PV-09-0798,Delhivery Ltd,HDFC Bank A/c 4521,,11785.00,6500 Logistics,Payment to Delhivery Ltd · Freight
30-Sep-2026,Payment,PV-09-0799,BESCOM,HDFC Bank A/c 4521,,20570.10,6300 Utilities,Payment to BESCOM · Electricity
30-Sep-2026,Payment,PV-09-0802,Uber India,HDFC Bank A/c 4521,,1293.43,6600 Travel,Payment to Uber India · Local conveyance
30-Sep-2026,Payment,PV-09-0803,Bharti Airtel Ltd,ICICI Bank A/c 8834,,3379.00,6400 Telecom,Payment to Bharti Airtel Ltd · Broadband
30-Sep-2026,Payment,PV-09-0804,Swiggy,HDFC Bank A/c 4521,,3156.73,6610 Staff Welfare,Payment to Swiggy · Team meals
30-Sep-2026,Payment,PV-09-0805,BESCOM,ICICI Bank A/c 8834,,36100.83,6300 Utilities,Payment to BESCOM · Electricity
30-Sep-2026,Payment,PV-09-0806,Reliance Jio Infocomm,ICICI Bank A/c 8834,,8587.00,6400 Telecom,Payment to Reliance Jio Infocomm · Postpaid & leased line
30-Sep-2026,Payment,PV-09-0807,Uber India,HDFC Bank A/c 4521,,876.86,6600 Travel,Payment to Uber India · Local conveyance
30-Sep-2026,Payment,PV-09-0808,Office Mart Supplies,ICICI Bank A/c 8834,,9174.00,6800 Office Supplies,Payment to Office Mart Supplies · Stationery
30-Sep-2026,Payment,PV-09-0809,Uber India,HDFC Bank A/c 4521,,1052.63,6600 Travel,Payment to Uber India · Local conveyance
30-Sep-2026,Payment,PV-09-0811,Uber India,HDFC Bank A/c 4521,,466.63,6600 Travel,Payment to Uber India · Local conveyance
30-Sep-2026,Payment,PV-09-0812,Amazon Web Services India,HDFC Bank A/c 4521,,49240.43,6200 Cloud & Software,Payment to Amazon Web Services India · Cloud hosting
30-Sep-2026,Payment,PV-09-0813,Swiggy,HDFC Bank A/c 4521,,1932.99,6610 Staff Welfare,Payment to Swiggy · Team meals
30-Sep-2026,Payment,PV-09-0814,Uber India,ICICI Bank A/c 8834,,681.63,6600 Travel,Payment to Uber India · Local conveyance
30-Sep-2026,Payment,PV-09-0815,Swiggy,ICICI Bank A/c 8834,,1415.89,6610 Staff Welfare,Payment to Swiggy · Team meals
30-Sep-2026,Payment,PV-09-0816,Bharti Airtel Ltd,HDFC Bank A/c 4521,,9020.00,6400 Telecom,Payment to Bharti Airtel Ltd · Broadband
30-Sep-2026,Payment,PV-09-0817,Uber India,HDFC Bank A/c 4521,,467.52,6600 Travel,Payment to Uber India · Local conveyance
30-Sep-2026,Payment,PV-09-0819,MakeMyTrip India,HDFC Bank A/c 4521,,21800.00,6600 Travel,Payment to MakeMyTrip India · Business travel
30-Sep-2026,Payment,PV-09-0820,MakeMyTrip India,ICICI Bank A/c 8834,,14367.00,6600 Travel,Payment to MakeMyTrip India · Business travel
30-Sep-2026,Payment,PV-09-0822,Swiggy,HDFC Bank A/c 4521,,2668.63,6610 Staff Welfare,Payment to Swiggy · Team meals
30-Sep-2026,Payment,PV-09-0829,Khaitan & Co,ICICI Bank A/c 8834,,118000.00,6700 Professional Fees,Cheque #004513 issued — Khaitan & Co · Legal retainer
30-Sep-2026,Receipt,RV-09-0800,Larsen & Toubro,ICICI Bank A/c 8834,270150.00,,4000 Revenue — Sales,Receipt from Larsen & Toubro · Customer receipt
30-Sep-2026,Receipt,RV-09-0801,Hindustan Unilever,HDFC Bank A/c 4521,447240.00,,4000 Revenue — Sales,Receipt from Hindustan Unilever · Customer receipt
30-Sep-2026,Receipt,RV-09-0810,Razorpay Software,HDFC Bank A/c 4521,41690.47,,4010 Revenue — Online,Receipt from Razorpay Software · Gateway settlement
30-Sep-2026,Receipt,RV-09-0818,Razorpay Software,HDFC Bank A/c 4521,54430.10,,4010 Revenue — Online,Receipt from Razorpay Software · Gateway settlement
30-Sep-2026,Receipt,RV-09-0821,Razorpay Software,HDFC Bank A/c 4521,126250.63,,4010 Revenue — Online,Receipt from Razorpay Software · Gateway settlement
30-Sep-2026,Receipt,RV-09-0830,Larsen & Toubro,ICICI Bank A/c 8834,340000.00,,4000 Revenue — Sales,Cheque deposited — Larsen & Toubro · Customer receipt
30-Sep-2026,Payment,SAL-2609-01,Payroll — Bulk salary,HDFC Bank A/c 4521,,157900.00,7100 Salaries,Salary Sep 2026 — EMP-1040 (Engineering)
30-Sep-2026,Payment,SAL-2609-02,Payroll — Bulk salary,HDFC Bank A/c 4521,,81700.00,7100 Salaries,Salary Sep 2026 — EMP-1041 (Sales)
30-Sep-2026,Payment,SAL-2609-03,Payroll — Bulk salary,HDFC Bank A/c 4521,,54900.00,7100 Salaries,Salary Sep 2026 — EMP-1042 (Operations)
30-Sep-2026,Payment,SAL-2609-04,Payroll — Bulk salary,HDFC Bank A/c 4521,,172600.00,7100 Salaries,Salary Sep 2026 — EMP-1043 (Finance)
30-Sep-2026,Payment,SAL-2609-05,Payroll — Bulk salary,HDFC Bank A/c 4521,,145200.00,7100 Salaries,Salary Sep 2026 — EMP-1044 (Design)
30-Sep-2026,Payment,SAL-2609-06,Payroll — Bulk salary,HDFC Bank A/c 4521,,174200.00,7100 Salaries,Salary Sep 2026 — EMP-1045 (Engineering)
30-Sep-2026,Payment,SAL-2609-07,Payroll — Bulk salary,HDFC Bank A/c 4521,,107300.00,7100 Salaries,Salary Sep 2026 — EMP-1046 (Sales)
30-Sep-2026,Payment,SAL-2609-08,Payroll — Bulk salary,HDFC Bank A/c 4521,,90000.00,7100 Salaries,Salary Sep 2026 — EMP-1047 (Operations)
30-Sep-2026,Payment,SAL-2609-09,Payroll — Bulk salary,HDFC Bank A/c 4521,,87300.00,7100 Salaries,Salary Sep 2026 — EMP-1048 (Finance)
30-Sep-2026,Payment,SAL-2609-10,Payroll — Bulk salary,HDFC Bank A/c 4521,,117000.00,7100 Salaries,Salary Sep 2026 — EMP-1049 (Design)
30-Sep-2026,Payment,SAL-2609-11,Payroll — Bulk salary,HDFC Bank A/c 4521,,207600.00,7100 Salaries,Salary Sep 2026 — EMP-1050 (Engineering)
30-Sep-2026,Payment,SAL-2609-12,Payroll — Bulk salary,HDFC Bank A/c 4521,,193600.00,7100 Salaries,Salary Sep 2026 — EMP-1051 (Sales)
30-Sep-2026,Payment,SAL-2609-13,Payroll — Bulk salary,HDFC Bank A/c 4521,,124200.00,7100 Salaries,Salary Sep 2026 — EMP-1052 (Operations)
30-Sep-2026,Payment,SAL-2609-14,Payroll — Bulk salary,HDFC Bank A/c 4521,,190200.00,7100 Salaries,Salary Sep 2026 — EMP-1053 (Finance)
30-Sep-2026,Payment,SAL-2609-15,Payroll — Bulk salary,HDFC Bank A/c 4521,,176600.00,7100 Salaries,Salary Sep 2026 — EMP-1054 (Design)
30-Sep-2026,Payment,SAL-2609-16,Payroll — Bulk salary,HDFC Bank A/c 4521,,183800.00,7100 Salaries,Salary Sep 2026 — EMP-1055 (Engineering)
30-Sep-2026,Payment,SAL-2609-17,Payroll — Bulk salary,HDFC Bank A/c 4521,,102500.00,7100 Salaries,Salary Sep 2026 — EMP-1056 (Sales)
30-Sep-2026,Payment,SAL-2609-18,Payroll — Bulk salary,HDFC Bank A/c 4521,,181700.00,7100 Salaries,Salary Sep 2026 — EMP-1057 (Operations)
30-Sep-2026,Payment,SAL-2609-19,Payroll — Bulk salary,HDFC Bank A/c 4521,,186700.00,7100 Salaries,Salary Sep 2026 — EMP-1058 (Finance)
30-Sep-2026,Payment,SAL-2609-20,Payroll — Bulk salary,HDFC Bank A/c 4521,,183000.00,7100 Salaries,Salary Sep 2026 — EMP-1059 (Design)
01-Oct-2026,Payment,PV-09-0839,Delhivery Ltd,HDFC Bank A/c 4521,,29310.00,6500 Logistics,Payment to Delhivery Ltd · Freight
01-Oct-2026,Payment,PV-09-0845,Swiggy,ICICI Bank A/c 8834,,2174.56,6610 Staff Welfare,Payment to Swiggy · Team meals
01-Oct-2026,Payment,PV-09-0846,Swiggy,HDFC Bank A/c 4521,,1501.96,6610 Staff Welfare,Payment to Swiggy · Team meals
01-Oct-2026,Receipt,RV-09-0825,Razorpay Software,HDFC Bank A/c 4521,124500.00,,4010 Revenue — Online,Receipt from Razorpay Software · Gateway settlement
01-Oct-2026,Receipt,RV-09-0827,Tata Motors Ltd,HDFC Bank A/c 4521,680000.00,,4000 Revenue — Sales,Receipt from Tata Motors Ltd · Customer receipt
01-Oct-2026,Receipt,RV-09-0833,Tata Motors Ltd,HDFC Bank A/c 4521,1004780.00,,4000 Revenue — Sales,Receipt from Tata Motors Ltd · Customer receipt
01-Oct-2026,Receipt,RV-09-0852,Razorpay Software,HDFC Bank A/c 4521,81820.48,,4010 Revenue — Online,Receipt from Razorpay Software · Gateway settlement
02-Oct-2026,Payment,PV-09-0826,MakeMyTrip India,HDFC Bank A/c 4521,,32400.00,6600 Travel,Payment to MakeMyTrip India · Business travel
02-Oct-2026,Payment,PV-09-0834,Sharma Steel Industries,HDFC Bank A/c 4521,,144790.00,5010 Raw Materials,Payment to Sharma Steel Industries · Steel coils
02-Oct-2026,Payment,PV-09-0837,Uber India,HDFC Bank A/c 4521,,817.60,6600 Travel,Payment to Uber India · Local conveyance
02-Oct-2026,Payment,PV-09-0840,Uber India,ICICI Bank A/c 8834,,467.40,6600 Travel,Payment to Uber India · Local conveyance
02-Oct-2026,Payment,PV-09-0841,ACME Traders Pvt Ltd,HDFC Bank A/c 4521,,258070.00,5010 Raw Materials,Payment to ACME Traders Pvt Ltd · Raw material purchase
02-Oct-2026,Payment,PV-09-0842,Uber India,ICICI Bank A/c 8834,,653.41,6600 Travel,Payment to Uber India · Local conveyance
02-Oct-2026,Payment,PV-09-0843,Sharma Steel Industries,ICICI Bank A/c 8834,,222800.00,5010 Raw Materials,Payment to Sharma Steel Industries · Steel coils
02-Oct-2026,Payment,PV-09-0847,Delhivery Ltd,HDFC Bank A/c 4521,,38960.00,6500 Logistics,Payment to Delhivery Ltd · Freight
03-Oct-2026,Payment,PV-09-0832,Swiggy,HDFC Bank A/c 4521,,1861.32,6610 Staff Welfare,Payment to Swiggy · Team meals
03-Oct-2026,Payment,PV-09-0851,Sharma Steel Industries,HDFC Bank A/c 4521,,310010.00,5010 Raw Materials,Payment to Sharma Steel Industries · Steel coils
03-Oct-2026,Payment,PV-09-0853,ACME Traders Pvt Ltd,ICICI Bank A/c 8834,,259440.00,5010 Raw Materials,Payment to ACME Traders Pvt Ltd · Raw material purchase
03-Oct-2026,Payment,PV-09-0854,Uber India,HDFC Bank A/c 4521,,1233.29,6600 Travel,Payment to Uber India · Local conveyance
03-Oct-2026,Receipt,RV-09-0844,Razorpay Software,HDFC Bank A/c 4521,107480.99,,4010 Revenue — Online,Receipt from Razorpay Software · Gateway settlement
04-Oct-2026,Payment,PV-09-0835,Quess Corp,ICICI Bank A/c 8834,,181000.00,7200 Contract Staff,Payment to Quess Corp · Contract staffing
04-Oct-2026,Payment,PV-09-0848,Bharti Airtel Ltd,HDFC Bank A/c 4521,,11468.00,6400 Telecom,Payment to Bharti Airtel Ltd · Broadband
04-Oct-2026,Payment,PV-09-0849,ACME Traders Pvt Ltd,HDFC Bank A/c 4521,,213420.00,5010 Raw Materials,Payment to ACME Traders Pvt Ltd · Raw material purchase
04-Oct-2026,Receipt,RV-09-0838,Razorpay Software,HDFC Bank A/c 4521,91340.93,,4010 Revenue — Online,Receipt from Razorpay Software · Gateway settlement
05-Oct-2026,Payment,PV-09-0836,Swiggy,HDFC Bank A/c 4521,,3473.61,6610 Staff Welfare,Payment to Swiggy · Team meals
05-Oct-2026,Payment,PV-09-0850,Google Cloud India,HDFC Bank A/c 4521,,18038.22,6200 Cloud & Software,Payment to Google Cloud India · Workspace & GCP
05-Oct-2026,Receipt,RV-09-0831,Razorpay Software,HDFC Bank A/c 4521,69430.91,,4010 Revenue — Online,Receipt from Razorpay Software · Gateway settlement
